Workbook

Sheet   Journal de Bord des Arrêts
A1: Site | B1: Bâtiment | C1: Date | D1: Semaine | E1: Mois | F1: Année | G1: Demandeur | H1: Équipe | I1: Processus | J1: Poste/Machine | K1: Client | L1: Le reste | M1: Référence | N1: Heure début | O1: Heure fin | P1: Durée en :H | Q1: Nbr d'équipe | R1: Lien | S1: Impact Productivité par client | T1: Sous-Famille Précise | U1: Description | V1: Service | W1: Traité par | X1: Validé par
A2: TEMARA | B2: TEM | C2: 45996 | D2: =YEAR(C2)&"-S"&WEEKNUM(C2) -> 2025-S49 | E2: =YEAR(C2)&"-M"&MONTH(C2) -> 2025-M12 | F2: =YEAR(C2) -> 2025 | G2: DAHAB | H2: NORMALE | I2: FERMETURE ULTRASON | J2: T4662-01 | K2: ABB | L2: ABB | M2: 5001 | N2: 0.5 | O2: 0.75 | P2: =(O2-N2)*24 -> 6 | Q2: 1 | R2: =Q2&L2&A2 -> 1ABBTEMARA | S2: =IF(P2="","",P2/VLOOKUP(R2,'Matrice Productivité '!I:J,2,FALSE)/100) -> 0.010455206 | T2: Défaut d'aspect / Finition | U2: Excès de bavure | V2: MAINTENANCE | W2: NAOUFEL
A3: TEMARA | B3: TEM | C3: 45999 | D3: =YEAR(C3)&"-S"&WEEKNUM(C3) -> 2025-S50 | E3: =YEAR(C3)&"-M"&MONTH(C3) -> 2025-M12 | F3: =YEAR(C3) -> 2025 | G3: DAHAB | H3: NORMALE | I3: FERMETURE ULTRASON | J3: T4662-01 | K3: ABB | L3: ABB | M3: 5012 | N3: 0.35416667 | O3: 0.6875 | P3: =(O3-N3)*24 -> 8 | Q3: 1 | R3: =Q3&L3&A3 -> 1ABBTEMARA | S3: =IF(P3="","",P3/VLOOKUP(R3,'Matrice Productivité '!I:J,2,FALSE)/100) -> 0.013940275 | T3: Non-conformité structurelle | U3: Fissure | V3: MAINTENANCE | W3: NAOUFEL
A4: TEMARA | B4: TEM | C4: 46002 | D4: =YEAR(C4)&"-S"&WEEKNUM(C4) -> 2025-S50 | E4: =YEAR(C4)&"-M"&MONTH(C4) -> 2025-M12 | F4: =YEAR(C4) -> 2025 | G4: SAMIRA | H4: NORMALE | I4: SERTISSAGE GROSSE SECTION | J4: Pince hudraulique TR1462 T 402 | K4: LECLANCHÉ | L4: LECLANCHÉ | M4: LEC0000088 | N4: 0.41666667 | O4: 0.625 | P4: =(O4-N4)*24 -> 5 | Q4: 1 | R4: =Q4&L4&A4 -> 1LECLANCHÉTEMARA | S4: =IF(P4="","",P4/VLOOKUP(R4,'Matrice Productivité '!I:J,2,FALSE)/100) -> 0.0041592591 | T4: Casse mécanique sur produit | U4: Tige de verrouillage cassée | V4: MAINTENANCE | W4: NAOUFEL
A5: TEMARA | B5: TEM | C5: 46003 | D5: =YEAR(C5)&"-S"&WEEKNUM(C5) -> 2025-S50 | E5: =YEAR(C5)&"-M"&MONTH(C5) -> 2025-M12 | F5: =YEAR(C5) -> 2025 | G5: DAHAB | H5: NORMALE | I5: FERMETURE ULTRASON | J5: T4662-01 | K5: ABB | L5: ABB | M5: 5012 | N5: 0.45833333 | O5: 0.5 | P5: =(O5-N5)*24 -> 1 | Q5: 1 | R5: =Q5&L5&A5 -> 1ABBTEMARA | S5: =IF(P5="","",P5/VLOOKUP(R5,'Matrice Productivité '!I:J,2,FALSE)/100) -> 0.0017425344 | T5: Non-conformité structurelle | U5: Fissure | V5: MAINTENANCE | W5: NAOUFEL
A6: TEMARA | B6: TEM | C6: 46006 | D6: =YEAR(C6)&"-S"&WEEKNUM(C6) -> 2025-S51 | E6: =YEAR(C6)&"-M"&MONTH(C6) -> 2025-M12 | F6: =YEAR(C6) -> 2025 | G6: ANAS | H6: NORMALE | I6: TEST | J6: T5008-19 | K6: IES | L6: LE RESTE | M6: Tower | N6: 0.51388889 | O6: 0.72916667 | P6: =(O6-N6)*24 -> 5.1666667 | Q6: 1 | R6: =Q6&L6&A6 -> 1LE RESTETEMARA | S6: =IF(P6="","",P6/VLOOKUP(R6,'Matrice Productivité '!I:J,2,FALSE)/100) -> 0.011202471 | T6: Interruption flux opératoire | U6: Blocage à l'étape Carte module | V6: TECHNIQUE | W6: NAOUFAL + PAUL
A7: TEMARA | B7: TEM | C7: 46007 | D7: =YEAR(C7)&"-S"&WEEKNUM(C7) -> 2025-S51 | E7: =YEAR(C7)&"-M"&MONTH(C7) -> 2025-M12 | F7: =YEAR(C7) -> 2025 | G7: DAHAB | H7: NORMALE | I7: FERMETURE ULTRASON | J7: T4662-01 | K7: ABB | L7: ABB | M7: 5005 | N7: 0.38541667 | O7: 0.42708333 | P7: =(O7-N7)*24 -> 1 | Q7: 1 | R7: =Q7&L7&A7 -> 1ABBTEMARA | S7: =IF(P7="","",P7/VLOOKUP(R7,'Matrice Productivité '!I:J,2,FALSE)/100) -> 0.0017425344 | T7: Mauvais plaquage ABB | U7: Défaut de plaquage du plaquage | V7: MAINTENANCE | W7: NAOUFEL
A8: TEMARA | B8: TEM | C8: 46009 | D8: =YEAR(C8)&"-S"&WEEKNUM(C8) -> 2025-S51 | E8: =YEAR(C8)&"-M"&MONTH(C8) -> 2025-M12 | F8: =YEAR(C8) -> 2025 | G8: ANAS | H8: NORMALE | I8: TEST | J8: T5008-19 | K8: IES | L8: LE RESTE | M8: Tower | N8: 0.375 | O8: 0.45833333 | P8: =(O8-N8)*24 -> 2 | Q8: 1 | R8: =Q8&L8&A8 -> 1LE RESTETEMARA | S8: =IF(P8="","",P8/VLOOKUP(R8,'Matrice Productivité '!I:J,2,FALSE)/100) -> 0.0043364405 | T8: Interruption flux opératoire | U8: Blocage à l'étape Carte module | V8: TECHNIQUE | W8: ABDELLAH/ANAS
A9: TEMARA | B9: TEM | C9: 46010 | D9: =YEAR(C9)&"-S"&WEEKNUM(C9) -> 2025-S51 | E9: =YEAR(C9)&"-M"&MONTH(C9) -> 2025-M12 | F9: =YEAR(C9) -> 2025 | G9: DAHAB | H9: NORMALE | I9: TEST | J9: PO70032 | K9: ABB | L9: ABB | M9: 5018 | N9: 0.42013889 | O9: 0.66666667 | P9: =(O9-N9)*24 -> 5.9166667 | Q9: 1 | R9: =Q9&L9&A9 -> 1ABBTEMARA | S9: =IF(P9="","",P9/VLOOKUP(R9,'Matrice Productivité '!I:J,2,FALSE)/100) -> 0.010309995 | T9: Blocage accès logiciel | U9: Problème du mot de passe | V9: IT | W9: KARIM
A10: TEMARA | B10: TEM | C10: 46013 | D10: =YEAR(C10)&"-S"&WEEKNUM(C10) -> 2025-S52 | E10: =YEAR(C10)&"-M"&MONTH(C10) -> 2025-M12 | F10: =YEAR(C10) -> 2025 | G10: DAHAB | H10: NORMALE | I10: FERMETURE ULTRASON | J10: T4662-01 | K10: ABB | L10: ABB | M10: 5036 | N10: 0.63194444 | O10: 0.65486111 | P10: =(O10-N10)*24 -> 0.55 | Q10: 1 | R10: =Q10&L10&A10 -> 1ABBTEMARA | S10: =IF(P10="","",P10/VLOOKUP(R10,'Matrice Productivité '!I:J,2,FALSE)/100) -> 0.0009583939 | T10: Mauvais plaquage ABB | U10: Problème du plaquage | V10: MAINTENANCE | W10: NAOUFEL
A11: TEMARA | B11: TEM | C11: 46013 | D11: =YEAR(C11)&"-S"&WEEKNUM(C11) -> 2025-S52 | E11: =YEAR(C11)&"-M"&MONTH(C11) -> 2025-M12 | F11: =YEAR(C11) -> 2025 | G11: DAHAB | H11: NORMALE | I11: TAMPOGRAPHIE | J11: T4680-01 | K11: ABB | L11: ABB | M11: 5040 | N11: 0.59027778 | O11: 0.65277778 | P11: =(O11-N11)*24 -> 1.5 | Q11: 1 | R11: =Q11&L11&A11 -> 1ABBTEMARA | S11: =IF(P11="","",P11/VLOOKUP(R11,'Matrice Productivité '!I:J,2,FALSE)/100) -> 0.0026138015 | T11: Usure / Dégradation outillage | U11: Taraudage foiré du support cliché | V11: MAINTENANCE | W11: NAOUFEL
A12: TEMARA | B12: TEM | C12: 46013 | D12: =YEAR(C12)&"-S"&WEEKNUM(C12) -> 2025-S52 | E12: =YEAR(C12)&"-M"&MONTH(C12) -> 2025-M12 | F12: =YEAR(C12) -> 2025 | G12: DAHAB | H12: NORMALE | I12: TEST | J12: PO70032 | K12: ABB | L12: ABB | M12: 5058 | N12: 0.375 | O12: 0.75 | P12: =(O12-N12)*24 -> 9 | Q12: 1 | R12: =Q12&L12&A12 -> 1ABBTEMARA | S12: =IF(P12="","",P12/VLOOKUP(R12,'Matrice Productivité '!I:J,2,FALSE)/100) -> 0.015682809 | T12: Panne matériel informatique | U12: PC banc de test ne s'allume pas | V12: MAINTENANCE | W12: NAOUFEL /MOUJAHID
A13: TEMARA | B13: TEM | C13: 46014 | D13: =YEAR(C13)&"-S"&WEEKNUM(C13) -> 2025-S52 | E13: =YEAR(C13)&"-M"&MONTH(C13) -> 2025-M12 | F13: =YEAR(C13) -> 2025 | G13: DAHAB | H13: NORMALE | I13: TEST | J13: PO70032 | K13: ABB | L13: ABB | M13: 5012 | N13: 0.375 | O13: 0.75 | P13: =(O13-N13)*24 -> 9 | Q13: 1 | R13: =Q13&L13&A13 -> 1ABBTEMARA | S13: =IF(P13="","",P13/VLOOKUP(R13,'Matrice Productivité '!I:J,2,FALSE)/100) -> 0.015682809 | T13: Panne matériel informatique | U13: PC banc de test ne s'allume pas | V13: MAINTENANCE | W13: NAOUFEL /MOUJAHID
A14: TEMARA | B14: TEM | C14: 46014 | D14: =YEAR(C14)&"-S"&WEEKNUM(C14) -> 2025-S52 | E14: =YEAR(C14)&"-M"&MONTH(C14) -> 2025-M12 | F14: =YEAR(C14) -> 2025 | G14: DAHAB | H14: NORMALE | I14: TAMPOGRAPHIE | J14: T4680-01 | K14: ABB | L14: ABB | M14: 5075 | N14: 0.35416667 | O14: 0.52083333 | P14: =(O14-N14)*24 -> 4 | Q14: 1 | R14: =Q14&L14&A14 -> 1ABBTEMARA | S14: =IF(P14="","",P14/VLOOKUP(R14,'Matrice Productivité '!I:J,2,FALSE)/100) -> 0.0069701374 | T14: Usure / Dégradation outillage | U14: Taraudage foiré du support cliché | V14: MAINTENANCE | W14: NAOUFEL
A15: BERRECHID | B15: Bât B | C15: 46014 | D15: =YEAR(C15)&"-S"&WEEKNUM(C15) -> 2025-S52 | E15: =YEAR(C15)&"-M"&MONTH(C15) -> 2025-M12 | F15: =YEAR(C15) -> 2025 | G15: OUMAIMA | H15: MATIN | I15: INTÉGRATION | J15: Intégration 1 | K15: EDMI | L15: EDMI | M15: EDMES030CAD-00 | N15: 0.53472222 | O15: 0.58333333 | P15: =(O15-N15)*24 -> 1.1666667 | Q15: 3 | R15: =Q15&L15&A15 -> 3EDMIBERRECHID | S15: =IF(P15="","",P15/VLOOKUP(R15,'Matrice Productivité '!I:J,2,FALSE)/100) -> 0.00090392562 | T15: Échec lecture / Identification | U15: Pb de scan sur la carte display EDM830-00144 qty 20 cartes Pb de scan sur la carte ICHIS EDM830-00140 qty 85 cartes | V15: TECHNIQUE | W15: ENCOURS DE TRAITEMENT PAR YOUNESS ADAM
A16: BERRECHID | B16: Bât B | C16: 46015 | D16: =YEAR(C16)&"-S"&WEEKNUM(C16) -> 2025-S52 | E16: =YEAR(C16)&"-M"&MONTH(C16) -> 2025-M12 | F16: =YEAR(C16) -> 2025 | G16: OUMAIMA | H16: MATIN | I16: INTÉGRATION | J16: Intégration | K16: EDMI | L16: EDMI | M16: EDMES030CAD-00 | N16: 0.25 | O16: 0.27083333 | P16: =(O16-N16)*24 -> 0.5 | Q16: 3 | R16: =Q16&L16&A16 -> 3EDMIBERRECHID | S16: =IF(P16="","",P16/VLOOKUP(R16,'Matrice Productivité '!I:J,2,FALSE)/100) -> 0.00038739669 | T16: Manque de moyens de travail | U16: Manque de moyens de travail (chariots, chaises, bacs) | V16: TECHNIQUE | W16: DÉPANNAGE
A17: BERRECHID | B17: Bât B | C17: 46015 | D17: =YEAR(C17)&"-S"&WEEKNUM(C17) -> 2025-S52 | E17: =YEAR(C17)&"-M"&MONTH(C17) -> 2025-M12 | F17: =YEAR(C17) -> 2025 | G17: OUMAIMA | H17: MATIN | I17: INTÉGRATION | J17: Intégration 1 | K17: EDMI | L17: EDMI | M17: EDMES030CAD-00 | N17: 0.33333333 | O17: 0.375 | P17: =(O17-N17)*24 -> 1 | Q17: 3 | R17: =Q17&L17&A17 -> 3EDMIBERRECHID | S17: =IF(P17="","",P17/VLOOKUP(R17,'Matrice Productivité '!I:J,2,FALSE)/100) -> 0.00077479339 | T17: Incident édition / Marquage | U17: Manque d'étiquette d'intégration (erreur impression, saut lot) | V17: PRODUCTION | W17: GOTNI
A18: BERRECHID | B18: Bât B | C18: 46015 | D18: =YEAR(C18)&"-S"&WEEKNUM(C18) -> 2025-S52 | E18: =YEAR(C18)&"-M"&MONTH(C18) -> 2025-M12 | F18: =YEAR(C18) -> 2025 | G18: OUMAIMA | H18: MATIN | I18: INTÉGRATION | J18: Dégrappage | K18: EDMI | L18: EDMI | M18: EDMES030CAD-00 | N18: 0.46875 | O18: 0.48263889 | P18: =(O18-N18)*24 -> 0.33333333 | Q18: 3 | R18: =Q18&L18&A18 -> 3EDMIBERRECHID | S18: =IF(P18="","",P18/VLOOKUP(R18,'Matrice Productivité '!I:J,2,FALSE)/100) -> 0.00025826446 | T18: Rupture approvisionnement | U18: Manque de carte display EDM830-00144 (retard transport) | V18: SUPPLY | W18: BOUDRA
A19: BERRECHID | B19: Bât B | C19: 46015 | D19: =YEAR(C19)&"-S"&WEEKNUM(C19) -> 2025-S52 | E19: =YEAR(C19)&"-M"&MONTH(C19) -> 2025-M12 | F19: =YEAR(C19) -> 2025 | G19: OUMAIMA | H19: MATIN | I19: TEST UFT | J19: Test UFT | K19: EDMI | L19: EDMI | M19: EDMS010BXD-10-BRITIS: | N19: 0.47222222 | O19: 0.5 | P19: =(O19-N19)*24 -> 0.66666667 | Q19: 3 | R19: =Q19&L19&A19 -> 3EDMIBERRECHID | S19: =IF(P19="","",P19/VLOOKUP(R19,'Matrice Productivité '!I:J,2,FALSE)/100) -> 0.00051652893 | T19: Réglage technique / Maintenance | U19: Arrêt test UFT suite à l'intervention de service test | V19: TECHNIQUE | W19: AMINE/SAID
A20: BERRECHID | B20: Bât B | C20: 46015 | D20: =YEAR(C20)&"-S"&WEEKNUM(C20) -> 2025-S52 | E20: =YEAR(C20)&"-M"&MONTH(C20) -> 2025-M12 | F20: =YEAR(C20) -> 2025 | G20: TARIK | H20: APM | I20: TEST ICT | J20: Testeur ICT | K20: EDMI | L20: EDMI | M20: EDMES030CAD-00 | N20: 0.86458333 | O20: 0.89583333 | P20: =(O20-N20)*24 -> 0.75 | Q20: 3 | R20: =Q20&L20&A20 -> 3EDMIBERRECHID | S20: =IF(P20="","",P20/VLOOKUP(R20,'Matrice Productivité '!I:J,2,FALSE)/100) -> 0.00058109504 | T20: Conflit interface de test | U20: Pb lors du passage de la réf EDM830-00144 à l'ICT (interface) | V20: TECHNIQUE | W20: SAID
A21: BERRECHID | B21: Bât A | C21: 46015 | D21: =YEAR(C21)&"-S"&WEEKNUM(C21) -> 2025-S52 | E21: =YEAR(C21)&"-M"&MONTH(C21) -> 2025-M12 | F21: =YEAR(C21) -> 2025 | G21: ISMAIL | H21: APM | I21: TEST | J21: TAKAYA-9400 | K21: EMS | L21: EMS | M21: EMS-156 | N21: 0.66666667 | O21: 0.6875 | P21: =(O21-N21)*24 -> 0.5 | Q21: 2 | R21: =Q21&L21&A21 -> 2EMSBERRECHID | S21: =IF(P21="","",P21/VLOOKUP(R21,'Matrice Productivité '!I:J,2,FALSE)/100) -> 9.2975207e-05 | T21: Défaillance électrique banc de test | U21: Prob Relay on-test | V21: MAINTENANCE | W21: SLIMANE
A22: BERRECHID | B22: Bât A | C22: 46015 | D22: =YEAR(C22)&"-S"&WEEKNUM(C22) -> 2025-S52 | E22: =YEAR(C22)&"-M"&MONTH(C22) -> 2025-M12 | F22: =YEAR(C22) -> 2025 | G22: ISMAIL | H22: APM | I22: TEST | J22: TAKAYA-9400 | K22: EMS | L22: EMS | M22: EMS-167 | N22: 0.83333333 | O22: 0.86111111 | P22: =(O22-N22)*24 -> 0.66666667 | Q22: 2 | R22: =Q22&L22&A22 -> 2EMSBERRECHID | S22: =IF(P22="","",P22/VLOOKUP(R22,'Matrice Productivité '!I:J,2,FALSE)/100) -> 0.00012396694 | T22: Bug logiciel machine CMS | U22: Bug de la machine Takaya-9400 | V22: MAINTENANCE | W22: INTERVENTION A DISTANCE ( ISMAIL )
A23: BERRECHID | B23: Bât A | C23: 46016 | D23: =YEAR(C23)&"-S"&WEEKNUM(C23) -> 2025-S52 | E23: =YEAR(C23)&"-M"&MONTH(C23) -> 2025-M12 | F23: =YEAR(C23) -> 2025 | G23: ISMAIL | H23: MATIN | I23: TEST | J23: Test Fonctionnel | K23: MERCK | L23: LE RESTE | M23: MEMMERPF08040 | N23: 0.49305556 | O23: 0.75 | P23: =(O23-N23)*24 -> 6.1666667 | Q23: 2 | R23: =Q23&L23&A23 -> 2LE RESTEBERRECHID | S23: =IF(P23="","",P23/VLOOKUP(R23,'Matrice Productivité '!I:J,2,FALSE)/100) -> 0.0023889463 | T23: Dérive process (Nettoyage) | U23: Détection de 4 cartes successives en défaut (Index : 47) | V23: TECHNIQUE | W23: INTERVENTION DE ( SAID + ISMAIL : VALIDATION DE ADEL )
A24: BERRECHID | B24: Bât B | C24: 46017 | D24: =YEAR(C24)&"-S"&WEEKNUM(C24) -> 2025-S52 | E24: =YEAR(C24)&"-M"&MONTH(C24) -> 2025-M12 | F24: =YEAR(C24) -> 2025 | G24: OUMAIMA | H24: MATIN | I24: INTÉGRATION | J24: intégration | K24: EDMI | L24: EDMI | M24: EDMS010BXD-10-BRITIS: | N24: 0.39583333 | O24: 0.45833333 | P24: =(O24-N24)*24 -> 1.5 | Q24: 3 | R24: =Q24&L24&A24 -> 3EDMIBERRECHID | S24: =IF(P24="","",P24/VLOOKUP(R24,'Matrice Productivité '!I:J,2,FALSE)/100) -> 0.0011621901 | T24: Panne mécanique convoyage | U24: Dysfonctionnement de convoyeur de posage d'intégration | V24: MAINTENANCE | W24: SLIMANE
A25: BERRECHID | B25: Bât A | C25: 46013 | D25: =YEAR(C25)&"-S"&WEEKNUM(C25) -> 2025-S52 | E25: =YEAR(C25)&"-M"&MONTH(C25) -> 2025-M12 | F25: =YEAR(C25) -> 2025 | G25: KNIDAR | H25: NUIT | I25: CMS | J25: LIGNE 2 | K25: EDMI | L25: EDMI | M25: EDM830-010-107BRTISH | N25: 0.91666667 | O25: 0.94166667 | P25: =(O25-N25)*24 -> 0.6 | Q25: 3 | R25: =Q25&L25&A25 -> 3EDMIBERRECHID | S25: =IF(P25="","",P25/VLOOKUP(R25,'Matrice Productivité '!I:J,2,FALSE)/100) -> 0.00046487603 | T25: Changement de série (Setup) | U25: Recherche Bobine + chargement (Mq Séquenceur) | V25: SUPPLY | W25: AYOUB
A26: BERRECHID | B26: Bât A | C26: 46013 | D26: =YEAR(C26)&"-S"&WEEKNUM(C26) -> 2025-S52 | E26: =YEAR(C26)&"-M"&MONTH(C26) -> 2025-M12 | F26: =YEAR(C26) -> 2025 | G26: KNIDAR | H26: APM | I26: CMS | J26: LIGNE 2 | K26: EDMI | L26: EDMI | M26: EDM830-010-107BRTISH | N26: 0.58333333 | O26: 0.60833333 | P26: =(O26-N26)*24 -> 0.6 | Q26: 3 | R26: =Q26&L26&A26 -> 3EDMIBERRECHID | S26: =IF(P26="","",P26/VLOOKUP(R26,'Matrice Productivité '!I:J,2,FALSE)/100) -> 0.00046487603 | T26: Changement de série (Setup) | U26: Recherche Bobine + chargement (Manque séquenceur) | V26: SUPPLY | W26: MEHDI
... A63: BERRECHID | B63: Bât B | C63: 46022 | D63: =YEAR(C63)&"-S"&WEEKNUM(C63) -> 2025-S53 | E63: =YEAR(C63)&"-M"&MONTH(C63) -> 2025-M12 | F63: =YEAR(C63) -> 2025 | G63: OUMAIMA | H63: NUIT | I63: TEST BFT | J63: Testeur BFT | K63: EDMI | L63: EDMI | M63: EDM830-013-152 | N63: 0.083333333 | O63: 0.13166667 | P63: =(O63-N63)*24 -> 1.16 | Q63: 3 | R63: =Q63&L63&A63 -> 3EDMIBERRECHID | S63: =IF(P63="","",P63/VLOOKUP(R63,'Matrice Productivité '!I:J,2,FALSE)/100) -> 0.00089876033 | T63: Panne applicative banc | U63: Disfonctionnement de (tester application SUFT) | V63: TECHNIQUE | W63: SAID+AMINE
A64: BERRECHID | B64: Bât A | C64: 46021 | D64: =YEAR(C64)&"-S"&WEEKNUM(C64) -> 2025-S53 | E64: =YEAR(C64)&"-M"&MONTH(C64) -> 2025-M12 | F64: =YEAR(C64) -> 2025 | G64: KNIDAR | H64: NUIT | I64: CMS | J64: LIGNE 2 | K64: EDMI | L64: EDMI | M64: EDM830-010-107BRTISH | N64: 0.91666667 | O64: 0.079166667 | P64: =(O64-N64)*24+24 -> 3.9 | Q64: 3 | R64: =Q64&L64&A64 -> 3EDMIBERRECHID | S64: =IF(P64="","",P64/VLOOKUP(R64,'Matrice Productivité '!I:J,2,FALSE)/100) -> 0.0030216942 | T64: Changement de série (Setup) | U64: Set-up ligne ES10 + recherche bobines | V64: SUPPLY | W64: AYOUB
A65: BERRECHID | B65: Bât A | C65: 46021 | D65: =YEAR(C65)&"-S"&WEEKNUM(C65) -> 2025-S53 | E65: =YEAR(C65)&"-M"&MONTH(C65) -> 2025-M12 | F65: =YEAR(C65) -> 2025 | G65: KNIDAR | H65: MATIN | I65: CMS | J65: LIGNE 2 | K65: EDMI | L65: EDMI | M65: EDM830-010-107BRTISH | N65: 0.25 | O65: 0.34722222 | P65: =(O65-N65)*24 -> 2.3333333 | Q65: 3 | R65: =Q65&L65&A65 -> 3EDMIBERRECHID | S65: =IF(P65="","",P65/VLOOKUP(R65,'Matrice Productivité '!I:J,2,FALSE)/100) -> 0.0018078512 | T65: Lancement Nouvelle Réf (Validation) | U65: Validation ES10 + recherche bobines | V65: TECHNIQUE | W65: BRAHIM
A66: BERRECHID | B66: Bât A | C66: 46021 | D66: =YEAR(C66)&"-S"&WEEKNUM(C66) -> 2025-S53 | E66: =YEAR(C66)&"-M"&MONTH(C66) -> 2025-M12 | F66: =YEAR(C66) -> 2025 | G66: KNIDAR | H66: APM | I66: CMS | J66: LIGNE 2 | K66: EDMI | L66: EDMI | M66: EDM830-010-107BRTISH | N66: 0.58333333 | O66: 0.60069444 | P66: =(O66-N66)*24 -> 0.41666667 | Q66: 3 | R66: =Q66&L66&A66 -> 3EDMIBERRECHID | S66: =IF(P66="","",P66/VLOOKUP(R66,'Matrice Productivité '!I:J,2,FALSE)/100) -> 0.00032283058 | T66: Changement de série (Setup) | U66: Recherche et changement bobines | V66: SUPPLY | W66: MEHDI
A67: BERRECHID | B67: Bât A | C67: 46022 | D67: =YEAR(C67)&"-S"&WEEKNUM(C67) -> 2025-S53 | E67: =YEAR(C67)&"-M"&MONTH(C67) -> 2025-M12 | F67: =YEAR(C67) -> 2025 | G67: KNIDAR | H67: NUIT | I67: CMS | J67: LIGNE 2 | K67: EDMI | L67: EDMI | M67: EDM830-010-107BRTISH | N67: 0.91666667 | O67: 0.96180556 | P67: =(O67-N67)*24 -> 1.0833333 | Q67: 3 | R67: =Q67&L67&A67 -> 3EDMIBERRECHID | S67: =IF(P67="","",P67/VLOOKUP(R67,'Matrice Productivité '!I:J,2,FALSE)/100) -> 0.0008393595 | T67: Changement de série (Setup) | U67: Recherche et changement bobines | V67: SUPPLY | W67: AYOUB
A68: BERRECHID | B68: Bât A | C68: 46022 | D68: =YEAR(C68)&"-S"&WEEKNUM(C68) -> 2025-S53 | E68: =YEAR(C68)&"-M"&MONTH(C68) -> 2025-M12 | F68: =YEAR(C68) -> 2025 | G68: KHADIM | H68: MATIN | I68: CMS | J68: LIGNE 1 | K68: SERAP | L68: LE RESTE | M68: SERRL5B | N68: 0.25 | O68: 0.33333333 | P68: =(O68-N68)*24 -> 2 | Q68: 2 | R68: =Q68&L68&A68 -> 2LE RESTEBERRECHID | S68: =IF(P68="","",P68/VLOOKUP(R68,'Matrice Productivité '!I:J,2,FALSE)/100) -> 0.00077479339 | T68: Incident mécanique machine | U68: Blocage du support des tables 3 et 4 | V68: MAINTENANCE | W68: ABDELHAMID
A69: BERRECHID | B69: Bât A | C69: 46022 | D69: =YEAR(C69)&"-S"&WEEKNUM(C69) -> 2025-S53 | E69: =YEAR(C69)&"-M"&MONTH(C69) -> 2025-M12 | F69: =YEAR(C69) -> 2025 | G69: KNIDAR | H69: MATIN | I69: CMS | J69: LIGNE 2 | K69: EDMI | L69: EDMI | M69: EDM830-010-107BRTISH | N69: 0.25 | O69: 0.30208333 | P69: =(O69-N69)*24 -> 1.25 | Q69: 3 | R69: =Q69&L69&A69 -> 3EDMIBERRECHID | S69: =IF(P69="","",P69/VLOOKUP(R69,'Matrice Productivité '!I:J,2,FALSE)/100) -> 0.00096849174 | T69: Changement de série (Setup) | U69: Recherche et changement bobines | V69: SUPPLY | W69: DRISS
A70: BERRECHID | B70: Bât B | C70: 46022 | D70: =YEAR(C70)&"-S"&WEEKNUM(C70) -> 2025-S53 | E70: =YEAR(C70)&"-M"&MONTH(C70) -> 2025-M12 | F70: =YEAR(C70) -> 2025 | G70: TARIK | H70: MATIN | I70: FINITION | J70: finition 1/2 | K70: EDMI | L70: EDMI | M70: EDM830-013-152 | N70: 0.35763889 | O70: 0.43055556 | P70: =(O70-N70)*24 -> 1.75 | Q70: 3 | R70: =Q70&L70&A70 -> 3EDMIBERRECHID | S70: =IF(P70="","",P70/VLOOKUP(R70,'Matrice Productivité '!I:J,2,FALSE)/100) -> 0.0013558884 | T70: Rupture approvisionnement | U70: Manque des PCB ES-12B | V70: SUPPLY | W70: ABOUDA
A71: BERRECHID | B71: Bât B | C71: 46022 | D71: =YEAR(C71)&"-S"&WEEKNUM(C71) -> 2025-S53 | E71: =YEAR(C71)&"-M"&MONTH(C71) -> 2025-M12 | F71: =YEAR(C71) -> 2025 | G71: TARIK | H71: MATIN | I71: TESTEUR BFT | J71: Testeur BFT | K71: EDMI | L71: EDMI | M71: EDM830-013-152 | N71: 0.25 | O71: 0.34375 | P71: =(O71-N71)*24 -> 2.25 | Q71: 3 | R71: =Q71&L71&A71 -> 3EDMIBERRECHID | S71: =IF(P71="","",P71/VLOOKUP(R71,'Matrice Productivité '!I:J,2,FALSE)/100) -> 0.0017432851 | T71: Temps mort / Attente expert | U71: Attente service technique | V71: TECHNIQUE | W71: SAID
A72: BERRECHID | B72: Bât B | C72: 46022 | D72: =YEAR(C72)&"-S"&WEEKNUM(C72) -> 2025-S53 | E72: =YEAR(C72)&"-M"&MONTH(C72) -> 2025-M12 | F72: =YEAR(C72) -> 2025 | G72: TARIK | H72: MATIN | I72: INTEGRATION | J72: integration | K72: EDMI | L72: EDMI | M72: EDMES012BAD-02 | N72: 0.25 | O72: 0.35416667 | P72: =(O72-N72)*24 -> 2.5 | Q72: 3 | R72: =Q72&L72&A72 -> 3EDMIBERRECHID | S72: =IF(P72="","",P72/VLOOKUP(R72,'Matrice Productivité '!I:J,2,FALSE)/100) -> 0.0019369835 | T72: Goulot d'étranglement test | U72: Attente BFT | V72: TECHNIQUE | W72: SAID
A73: BERRECHID | B73: Bât A | C73: 46022 | D73: =YEAR(C73)&"-S"&WEEKNUM(C73) -> 2025-S53 | E73: =YEAR(C73)&"-M"&MONTH(C73) -> 2025-M12 | F73: =YEAR(C73) -> 2025 | G73: ISMAIL | H73: MATIN | I73: TEST TAKAYA | J73: Takaya-9411 | K73: EMS | L73: EMS | M73: EMSEJ-244 | N73: 0.35416667 | O73: 0.41666667 | P73: =(O73-N73)*24 -> 1.5 | Q73: 2 | R73: =Q73&L73&A73 -> 2EMSBERRECHID | S73: =IF(P73="","",P73/VLOOKUP(R73,'Matrice Productivité '!I:J,2,FALSE)/100) -> 0.00027892562 | T73: Instabilité matériel (Pointes) | U73: Taux faux défaut élevé lié au probe 3 | V73: MAINTENANCE | W73: SLIMANE
A74: BERRECHID | B74: Bât B | C74: 46022 | D74: =YEAR(C74)&"-S"&WEEKNUM(C74) -> 2025-S53 | E74: =YEAR(C74)&"-M"&MONTH(C74) -> 2025-M12 | F74: =YEAR(C74) -> 2025 | G74: TARIK | H74: MATIN | I74: TEST ICT | J74: Testeur ICT | K74: EDMI | L74: EDMI | M74: EDM830-013-152 | N74: 0.38888889 | O74: 0.45833333 | P74: =(O74-N74)*24 -> 1.6666667 | Q74: 3 | R74: =Q74&L74&A74 -> 3EDMIBERRECHID | S74: =IF(P74="","",P74/VLOOKUP(R74,'Matrice Productivité '!I:J,2,FALSE)/100) -> 0.0012913223 | T74: Mise au point logicielle | U74: Débogage programme ICT | V74: TECHNIQUE | W74: SAID
A75: BERRECHID | B75: Bât A | C75: 46022 | D75: =YEAR(C75)&"-S"&WEEKNUM(C75) -> 2025-S53 | E75: =YEAR(C75)&"-M"&MONTH(C75) -> 2025-M12 | F75: =YEAR(C75) -> 2025 | G75: KNIDAR | H75: APM | I75: CMS | J75: LIGNE 2 | K75: EDMI | L75: EDMI | M75: EDM830-010-107BRTISH | N75: 0.58333333 | O75: 0.63541667 | P75: =(O75-N75)*24 -> 1.25 | Q75: 3 | R75: =Q75&L75&A75 -> 3EDMIBERRECHID | S75: =IF(P75="","",P75/VLOOKUP(R75,'Matrice Productivité '!I:J,2,FALSE)/100) -> 0.00096849174 | T75: Changement de série (Setup) | U75: Recherche composant + changement bobines + déchargement MSL | V75: SUPPLY | W75: ABDERRAHMANE+ZOUHAIR
A76: BERRECHID | B76: Bât B | C76: 46023 | D76: =YEAR(C76)&"-S0"&WEEKNUM(C76) -> 2026-S01 | E76: =YEAR(C76)&"-M0"&MONTH(C76) -> 2026-M01 | F76: =YEAR(C76) -> 2026 | G76: OUMAIMA | H76: NUIT | I76: TEST BFT | J76: Testeur BFT | K76: EDMI | L76: EDMI | M76: EDM830-013-152 | N76: 0.14583333 | O76: 0.25 | P76: =(O76-N76)*24 -> 2.5 | Q76: 3 | R76: =Q76&L76&A76 -> 3EDMIBERRECHID | S76: =IF(P76="","",P76/VLOOKUP(R76,'Matrice Productivité '!I:J,2,FALSE)/100) -> 0.0019369835 | T76: Panne applicative banc | U76: Disfonctionnement de (tester application SUFT) | V76: TECHNIQUE | W76: SAID
A77: BERRECHID | B77: Bât B | C77: 46023 | D77: =YEAR(C77)&"-S0"&WEEKNUM(C77) -> 2026-S01 | E77: =YEAR(C77)&"-M0"&MONTH(C77) -> 2026-M01 | F77: =YEAR(C77) -> 2026 | G77: OUMAIMA | H77: NUIT | I77: TEST CONFIG | J77: Test Config | K77: EDMI | L77: EDMI | M77: EDMES012BAR00 | N77: 0.083333333 | O77: 0.20833333 | P77: =(O77-N77)*24 -> 3 | Q77: 3 | R77: =Q77&L77&A77 -> 3EDMIBERRECHID | S77: =IF(P77="","",P77/VLOOKUP(R77,'Matrice Productivité '!I:J,2,FALSE)/100) -> 0.0023243802 | T77: Lancement Nouvelle Réf (Validation) | U77: Attente validation sampling + changement de réf | V77: TECHNIQUE | W77: PRODUCTION
A78: BERRECHID | B78: Bât B | C78: 46023 | D78: =YEAR(C78)&"-S0"&WEEKNUM(C78) -> 2026-S01 | E78: =YEAR(C78)&"-M0"&MONTH(C78) -> 2026-M01 | F78: =YEAR(C78) -> 2026 | G78: TARIK | H78: MATIN | I78: TEST BFT | J78: Testeur BFT/integration | K78: EDMI | L78: EDMI | M78: EDM830-013-152 | N78: 0.25 | O78: 0.34027778 | P78: =(O78-N78)*24 -> 2.1666667 | Q78: 3 | R78: =Q78&L78&A78 -> 3EDMIBERRECHID | S78: =IF(P78="","",P78/VLOOKUP(R78,'Matrice Productivité '!I:J,2,FALSE)/100) -> 0.001678719 | T78: Panne matérielle banc | U78: Testeur BFT DISPLAY 1 ne fonctionne pas | V78: TECHNIQUE | W78: SAID (À DISTANCE)
A79: BERRECHID | B79: Bât B | C79: 46023 | D79: =YEAR(C79)&"-S0"&WEEKNUM(C79) -> 2026-S01 | E79: =YEAR(C79)&"-M0"&MONTH(C79) -> 2026-M01 | F79: =YEAR(C79) -> 2026 | G79: TARIK | H79: MATIN | I79: TEST BFT | J79: laser/config/emballage | K79: EDMI | L79: EDMI | M79: EDMES012BAR00 | N79: 0.25 | O79: 0.38611111 | P79: =(O79-N79)*24 -> 3.2666667 | Q79: 3 | R79: =Q79&L79&A79 -> 3EDMIBERRECHID | S79: =IF(P79="","",P79/VLOOKUP(R79,'Matrice Productivité '!I:J,2,FALSE)/100) -> 0.0025309917 | T79: Déséquilibre de flux aval | U79: Postes config et emballage impactés par arrêt BFT | V79: TECHNIQUE | W79: SAID (À DISTANCE)
A80: BERRECHID | B80: Bât B | C80: 46023 | D80: =YEAR(C80)&"-S0"&WEEKNUM(C80) -> 2026-S01 | E80: =YEAR(C80)&"-M0"&MONTH(C80) -> 2026-M01 | F80: =YEAR(C80) -> 2026 | G80: OUMAIMA | H80: NUIT | I80: TEST CONFIG | J80: Test Config | K80: EDMI | L80: EDMI | M80: EDMES012BAR00 | N80: 0.45833333 | O80: 0.5625 | P80: =(O80-N80)*24 -> 2.5 | Q80: 3 | R80: =Q80&L80&A80 -> 3EDMIBERRECHID | S80: =IF(P80="","",P80/VLOOKUP(R80,'Matrice Productivité '!I:J,2,FALSE)/100) -> 0.0019369835 | T80: Lancement Nouvelle Réf (Validation) | U80: Attente validation de sampling | V80: TECHNIQUE | W80: PRODUCTION
A81: BERRECHID | B81: Bât B | C81: 46024 | D81: =YEAR(C81)&"-S0"&WEEKNUM(C81) -> 2026-S01 | E81: =YEAR(C81)&"-M0"&MONTH(C81) -> 2026-M01 | F81: =YEAR(C81) -> 2026 | G81: TARIK | H81: MATIN | I81: TEST CONFIG | J81: Test Config | K81: EDMI | L81: EDMI | M81: EDMES012BAR01 | N81: 0.25 | O81: 0.26388889 | P81: =(O81-N81)*24 -> 0.33333333 | Q81: 3 | R81: =Q81&L81&A81 -> 3EDMIBERRECHID | S81: =IF(P81="","",P81/VLOOKUP(R81,'Matrice Productivité '!I:J,2,FALSE)/100) -> 0.00025826446 | T81: Lancement Nouvelle Réf (Validation) | U81: Attente validation sampling | V81: TECHNIQUE | W81: PRODUCTION
A82: BERRECHID | B82: Bât B | C82: 46024 | D82: =YEAR(C82)&"-S0"&WEEKNUM(C82) -> 2026-S01 | E82: =YEAR(C82)&"-M0"&MONTH(C82) -> 2026-M01 | F82: =YEAR(C82) -> 2026 | G82: TARIK | H82: MATIN | I82: TEST BFT | J82: integration/calibration | K82: EDMI | L82: EDMI | M82: EDMES012BAD-02 | N82: 0.35416667 | O82: 0.45138889 | P82: =(O82-N82)*24 -> 2.3333333 | Q82: 3 | R82: =Q82&L82&A82 -> 3EDMIBERRECHID | S82: =IF(P82="","",P82/VLOOKUP(R82,'Matrice Productivité '!I:J,2,FALSE)/100) -> 0.0018078512 | T82: Mise au point logicielle | U82: Débogage du programme BFT display 2 | V82: TECHNIQUE | W82: SAID
A83: BERRECHID | B83: Bât B | C83: 46024 | D83: =YEAR(C83)&"-S0"&WEEKNUM(C83) -> 2026-S01 | E83: =YEAR(C83)&"-M0"&MONTH(C83) -> 2026-M01 | F83: =YEAR(C83) -> 2026 | G83: OUMAIMA | H83: APM | I83: TEST BFT | J83: integration/calibration | K83: EDMI | L83: EDMI | M83: EDMES012BAD-02 | N83: 0.63194444 | O83: 0.65694444 | P83: =(O83-N83)*24 -> 0.6 | Q83: 3 | R83: =Q83&L83&A83 -> 3EDMIBERRECHID | S83: =IF(P83="","",P83/VLOOKUP(R83,'Matrice Productivité '!I:J,2,FALSE)/100) -> 0.00046487603 | T83: Indisponibilité excessive | U83: Taux de pannes élevé | V83: TECHNIQUE | W83: SAID+AMINE
A84: BERRECHID | B84: Bât B | C84: 46024 | D84: =YEAR(C84)&"-S0"&WEEKNUM(C84) -> 2026-S01 | E84: =YEAR(C84)&"-M0"&MONTH(C84) -> 2026-M01 | F84: =YEAR(C84) -> 2026 | G84: TARIK | H84: APM | I84: TEST UFT | J84: UFT/:i-pot/calibration | K84: EDMI | L84: EDMI | M84: EDMES012BAD-02 | N84: 0.78472222 | O84: 0.8125 | P84: =(O84-N84)*24 -> 0.66666667 | Q84: 3 | R84: =Q84&L84&A84 -> 3EDMIBERRECHID | S84: =IF(P84="","",P84/VLOOKUP(R84,'Matrice Productivité '!I:J,2,FALSE)/100) -> 0.00051652893 | T84: Panne logicielle testeur | U84: L'application du testeur UFT ne fonctionne pas | V84: TECHNIQUE | W84: SAID
A85: BERRECHID | B85: Bât A | C85: 46026 | D85: =YEAR(C85)&"-S0"&WEEKNUM(C85) -> 2026-S02 | E85: =YEAR(C85)&"-M0"&MONTH(C85) -> 2026-M01 | F85: =YEAR(C85) -> 2026 | G85: KNIDAR | H85: NUIT | I85: CMS | J85: LIGNE 2 | K85: EDMI | L85: EDMI | M85: EDM830-010-107BRTISH | N85: 0.91666667 | O85: 0.9375 | P85: =(O85-N85)*24 -> 0.5 | Q85: 3 | R85: =Q85&L85&A85 -> 3EDMIBERRECHID | S85: =IF(P85="","",P85/VLOOKUP(R85,'Matrice Productivité '!I:J,2,FALSE)/100) -> 0.00038739669 | T85: Changement de série (Setup) | U85: Changement bobines + recherche composant | V85: SUPPLY | W85: MEHDI
A86: BERRECHID | B86: Bât B | C86: 46027 | D86: =YEAR(C86)&"-S0"&WEEKNUM(C86) -> 2026-S02 | E86: =YEAR(C86)&"-M0"&MONTH(C86) -> 2026-M01 | F86: =YEAR(C86) -> 2026 | G86: TARIK | H86: NUIT | I86: TEST ICT | J86: Testeur ICT | K86: EDMI | L86: EDMI | M86: EDM830-010-107BRTIS: | N86: 0.91666667 | O86: 0.25 | P86: =(O86-N86)*24+24 -> 8 | Q86: 3 | R86: =Q86&L86&A86 -> 3EDMIBERRECHID | S86: =IF(P86="","",P86/VLOOKUP(R86,'Matrice Productivité '!I:J,2,FALSE)/100) -> 0.0061983471 | T86: Contrainte environnementale | U86: Problème humidité ICT | V86: MAINTENANCE | W86: SLIMANE/BATAR
A87: BERRECHID | B87: Bât B | C87: 46027 | D87: =YEAR(C87)&"-S0"&WEEKNUM(C87) -> 2026-S02 | E87: =YEAR(C87)&"-M0"&MONTH(C87) -> 2026-M01 | F87: =YEAR(C87) -> 2026 | G87: SALAH | H87: MATIN | I87: TEST BFT | J87: Testeur BFT/DISPLAY 2 | K87: EDMI | L87: EDMI | M87: EDMES012BAD-02 | N87: 0.39236111 | O87: 0.43472222 | P87: =(O87-N87)*24 -> 1.0166667 | Q87: 3 | R87: =Q87&L87&A87 -> 3EDMIBERRECHID | S87: =IF(P87="","",P87/VLOOKUP(R87,'Matrice Productivité '!I:J,2,FALSE)/100) -> 0.00078770661 | T87: Défaillance réseau pneumatique | U87: Tuyau air dégradé | V87: MAINTENANCE | W87: SLIMANE
A88: BERRECHID | B88: Bât B | C88: 46027 | D88: =YEAR(C88)&"-S0"&WEEKNUM(C88) -> 2026-S02 | E88: =YEAR(C88)&"-M0"&MONTH(C88) -> 2026-M01 | F88: =YEAR(C88) -> 2026 | G88: SALAH | H88: MATIN | I88: TEST BFT | J88: INTEGRATION/UFT | K88: EDMI | L88: EDMI | M88: EDMES012BAD-02 | N88: 0.43055556 | O88: 0.44444444 | P88: =(O88-N88)*24 -> 0.33333333 | Q88: 3 | R88: =Q88&L88&A88 -> 3EDMIBERRECHID | S88: =IF(P88="","",P88/VLOOKUP(R88,'Matrice Productivité '!I:J,2,FALSE)/100) -> 0.00025826446 | T88: Retard lancement test | U88: Attente démarrage BFT | V88: MAINTENANCE | W88: SLIMANE
A89: BERRECHID | B89: Bât B | C89: 46027 | D89: =YEAR(C89)&"-S0"&WEEKNUM(C89) -> 2026-S02 | E89: =YEAR(C89)&"-M0"&MONTH(C89) -> 2026-M01 | F89: =YEAR(C89) -> 2026 | G89: SALAH | H89: MATIN | I89: TEST ICT | J89: Testeur ICT | K89: EDMI | L89: EDMI | M89: EDM830-010-107BRTIS: | N89: 0.25 | O89: 0.47222222 | P89: =(O89-N89)*24 -> 5.3333333 | Q89: 3 | R89: =Q89&L89&A89 -> 3EDMIBERRECHID | S89: =IF(P89="","",P89/VLOOKUP(R89,'Matrice Productivité '!I:J,2,FALSE)/100) -> 0.0041322314 | T89: Panne curative machine | U89: Test ICT en panne | V89: MAINTENANCE | W89: SLIMANE
A90: BERRECHID | B90: Bât B | C90: 46027 | D90: =YEAR(C90)&"-S0"&WEEKNUM(C90) -> 2026-S02 | E90: =YEAR(C90)&"-M0"&MONTH(C90) -> 2026-M01 | F90: =YEAR(C90) -> 2026 | G90: SALAH | H90: MATIN | I90: POSTE LASER | J90: Poste Laser | K90: EDMI | L90: EDMI | M90: EDMES012BAXBA | N90: 0.25 | O90: 0.52777778 | P90: =(O90-N90)*24 -> 6.6666667 | Q90: 3 | R90: =Q90&L90&A90 -> 3EDMIBERRECHID | S90: =IF(P90="","",P90/VLOOKUP(R90,'Matrice Productivité '!I:J,2,FALSE)/100) -> 0.0051652893 | T90: Lancement Nouvelle Réf (Validation) | U90: Attent validation nouvelle reference 12B | V90: TECHNIQUE | W90: ADAM
A91: BERRECHID | B91: Bât B | C91: 46027 | D91: =YEAR(C91)&"-S0"&WEEKNUM(C91) -> 2026-S02 | E91: =YEAR(C91)&"-M0"&MONTH(C91) -> 2026-M01 | F91: =YEAR(C91) -> 2026 | G91: SALAH | H91: MATIN | I91: TEST CONFIG | J91: Test Config | K91: EDMI | L91: EDMI | M91: EDMES012BAXBA | N91: 0.25 | O91: 0.56944444 | P91: =(O91-N91)*24 -> 7.6666667 | Q91: 3 | R91: =Q91&L91&A91 -> 3EDMIBERRECHID | S91: =IF(P91="","",P91/VLOOKUP(R91,'Matrice Productivité '!I:J,2,FALSE)/100) -> 0.0059400826 | T91: Lancement Nouvelle Réf (Validation) | U91: Attent validation nouvelle reference 12B | V91: TECHNIQUE | W91: SAID
A92: BERRECHID | B92: Bât B | C92: 46027 | D92: =YEAR(C92)&"-S0"&WEEKNUM(C92) -> 2026-S02 | E92: =YEAR(C92)&"-M0"&MONTH(C92) -> 2026-M01 | F92: =YEAR(C92) -> 2026 | G92: OUMAIMA | H92: APM | I92: POSTE LASER | J92: Poste Laser | K92: EDMI | L92: EDMI | M92: EDMES012BAXBA | N92: 0.875 | O92: 0.91666667 | P92: =(O92-N92)*24 -> 1 | Q92: 3 | R92: =Q92&L92&A92 -> 3EDMIBERRECHID | S92: =IF(P92="","",P92/VLOOKUP(R92,'Matrice Productivité '!I:J,2,FALSE)/100) -> 0.00077479339 | T92: Changement de série (Setup) | U92: Basculement de reference 12B à 10B | V92: SUPPLY | W92: HOUSSAM
A93: BERRECHID | B93: Bât A | C93: 46027 | D93: =YEAR(C93)&"-S0"&WEEKNUM(C93) -> 2026-S02 | E93: =YEAR(C93)&"-M0"&MONTH(C93) -> 2026-M01 | F93: =YEAR(C93) -> 2026 | G93: ISMAIL | H93: APM | I93: TEST TAKAYA | J93: Takaya-9400 | K93: LE RESTE | L93: LE RESTE | M93: GRE619188870-R | N93: 0.87083333 | O93: 0.91666667 | P93: =(O93-N93)*24 -> 1.1 | Q93: 2 | R93: =Q93&L93&A93 -> 2LE RESTEBERRECHID | S93: =IF(P93="","",P93/VLOOKUP(R93,'Matrice Productivité '!I:J,2,FALSE)/100) -> 0.00042613636 | T93: Défaillance méca répétitive | U93: Courroie du convoyeur sortie (Arrets Réccurents) | V93: MAINTENANCE | W93: LAHMIDI DRISS
A94: BERRECHID | B94: Bât A | C94: 46028 | D94: =YEAR(C94)&"-S0"&WEEKNUM(C94) -> 2026-S02 | E94: =YEAR(C94)&"-M0"&MONTH(C94) -> 2026-M01 | F94: =YEAR(C94) -> 2026 | G94: ISMAIL | H94: MATIN | I94: TEST TAKAYA | J94: Takaya-9400 | K94: LE RESTE | L94: LE RESTE | M94: GRE619188870-R | N94: 0.25 | O94: 0.28125 | P94: =(O94-N94)*24 -> 0.75 | Q94: 2 | R94: =Q94&L94&A94 -> 2LE RESTEBERRECHID | S94: =IF(P94="","",P94/VLOOKUP(R94,'Matrice Productivité '!I:J,2,FALSE)/100) -> 0.00029054752 | T94: Défaillance méca répétitive | U94: Courroie du convoyeur sortie (Arrets Réccurents) | V94: MAINTENANCE | W94: LAHMIDI DRISS
A95: BERRECHID | B95: Bât B | C95: 46028 | D95: =YEAR(C95)&"-S0"&WEEKNUM(C95) -> 2026-S02 | E95: =YEAR(C95)&"-M0"&MONTH(C95) -> 2026-M01 | F95: =YEAR(C95) -> 2026 | G95: TARIK | H95: NUIT | I95: TEST CONFIG | J95: Test Config | K95: EDMI | L95: EDMI | M95: EDMES010BAU10 | N95: 0.94444444 | O95: 0.11111111 | P95: =(O95-N95)*24+24 -> 4 | Q95: 3 | R95: =Q95&L95&A95 -> 3EDMIBERRECHID | S95: =IF(P95="","",P95/VLOOKUP(R95,'Matrice Productivité '!I:J,2,FALSE)/100) -> 0.0030991736 | T95: Lancement Nouvelle Réf (Validation) | U95: Attente integration et sampling | V95: TECHNIQUE
A96: BERRECHID | B96: Bât B | C96: 46028 | D96: =YEAR(C96)&"-S0"&WEEKNUM(C96) -> 2026-S02 | E96: =YEAR(C96)&"-M0"&MONTH(C96) -> 2026-M01 | F96: =YEAR(C96) -> 2026 | G96: TARIK | H96: NUIT | I96: TEST CONFIG | J96: Test Config | K96: EDMI | L96: EDMI | M96: EDMES010BAU10 | N96: 0.20833333 | O96: 0.25 | P96: =(O96-N96)*24 -> 1 | Q96: 3 | R96: =Q96&L96&A96 -> 3EDMIBERRECHID | S96: =IF(P96="","",P96/VLOOKUP(R96,'Matrice Productivité '!I:J,2,FALSE)/100) -> 0.00077479339 | T96: Lancement Nouvelle Réf (Validation) | U96: Attente sampling | V96: TECHNIQUE
A97: BERRECHID | B97: Bât A | C97: 46027 | D97: =YEAR(C97)&"-S0"&WEEKNUM(C97) -> 2026-S02 | E97: =YEAR(C97)&"-M0"&MONTH(C97) -> 2026-M01 | F97: =YEAR(C97) -> 2026 | G97: KNIDAR | H97: NUIT | I97: CMS | J97: LIGNE2 | K97: EDMI | L97: EDMI | M97: EDM830-010-107BRTISH | N97: 0.91666667 | O97: 0.95833333 | P97: =(O97-N97)*24 -> 1 | Q97: 3 | R97: =Q97&L97&A97 -> 3EDMIBERRECHID | S97: =IF(P97="","",P97/VLOOKUP(R97,'Matrice Productivité '!I:J,2,FALSE)/100) -> 0.00077479339 | T97: Coupure électrique | U97: Coupure électrique (1 heure : 22h à 23h) | V97: MAINTENANCE | W97: ABDELHAMID/BATAR
A98: BERRECHID | B98: Bât A | C98: 46027 | D98: =YEAR(C98)&"-S0"&WEEKNUM(C98) -> 2026-S02 | E98: =YEAR(C98)&"-M0"&MONTH(C98) -> 2026-M01 | F98: =YEAR(C98) -> 2026 | G98: KNIDAR | H98: NUIT | I98: CMS | J98: LIGNE2 | K98: EDMI | L98: EDMI | M98: EDM830-010-107BRTISH | N98: 0.11458333 | O98: 0.13541667 | P98: =(O98-N98)*24 -> 0.5 | Q98: 3 | R98: =Q98&L98&A98 -> 3EDMIBERRECHID | S98: =IF(P98="","",P98/VLOOKUP(R98,'Matrice Productivité '!I:J,2,FALSE)/100) -> 0.00038739669 | T98: Coupure réseau informatique | U98: Problème communication lié au réseau | V98: IT | W98: AYOUB
A99: BERRECHID | B99: Bât B | C99: 46029 | D99: =YEAR(C99)&"-S0"&WEEKNUM(C99) -> 2026-S02 | E99: =YEAR(C99)&"-M0"&MONTH(C99) -> 2026-M01 | F99: =YEAR(C99) -> 2026 | G99: TARIK | H99: NUIT | I99: FINITION | J99: Finition | K99: EDMI | L99: EDMI | M99: EDM830-010-107BRTIS: | N99: 0.076388889 | O99: 0.25 | P99: =(O99-N99)*24 -> 4.1666667 | Q99: 3 | R99: =Q99&L99&A99 -> 3EDMIBERRECHID | S99: =IF(P99="","",P99/VLOOKUP(R99,'Matrice Productivité '!I:J,2,FALSE)/100) -> 0.0032283058 | T99: Rupture approvisionnement | U99: Manque composant : EDM820-00017 (afficheur) | V99: SUPPLY | W99: BOUDRA
A100: BERRECHID | B100: Bât A | C100: 46029 | D100: =YEAR(C100)&"-S0"&WEEKNUM(C100) -> 2026-S02 | E100: =YEAR(C100)&"-M0"&MONTH(C100) -> 2026-M01 | F100: =YEAR(C100) -> 2026 | G100: KNIDAR | H100: NUIT | I100: CMS | J100: LIGNE2 | K100: EDMI | L100: EDMI | M100: EDM830-010-107BRTISH | N100: 0.91666667 | O100: 0.93402778 | P100: =(O100-N100)*24 -> 0.41666667 | Q100: 3 | R100: =Q100&L100&A100 -> 3EDMIBERRECHID | S100: =IF(P100="","",P100/VLOOKUP(R100,'Matrice Productivité '!I:J,2,FALSE)/100) -> 0.00032283058 | T100: Changement de série (Setup) | U100: Changement bobines + recherche + manque composant | V100: SUPPLY | W100: MEHDI
A101: BERRECHID | B101: Bât A | C101: 46029 | D101: =YEAR(C101)&"-S0"&WEEKNUM(C101) -> 2026-S02 | E101: =YEAR(C101)&"-M0"&MONTH(C101) -> 2026-M01 | F101: =YEAR(C101) -> 2026 | G101: KNIDAR | H101: MATIN | I101: CMS | J101: LIGNE2 | K101: EDMI | L101: EDMI | M101: EDM830-010-107BRTISH | N101: 0.25 | O101: 0.26041667 | P101: =(O101-N101)*24 -> 0.25 | Q101: 3 | R101: =Q101&L101&A101 -> 3EDMIBERRECHID | S101: =IF(P101="","",P101/VLOOKUP(R101,'Matrice Productivité '!I:J,2,FALSE)/100) -> 0.00019369835 | T101: Changement de série (Setup) | U101: Changement bobines + recherche + manque composant | V101: SUPPLY | W101: JADYANI
A102: BERRECHID | B102: Bât A | C102: 46029 | D102: =YEAR(C102)&"-S0"&WEEKNUM(C102) -> 2026-S02 | E102: =YEAR(C102)&"-M0"&MONTH(C102) -> 2026-M01 | F102: =YEAR(C102) -> 2026 | G102: KNIDAR | H102: APM | I102: CMS | J102: LIGNE2 | K102: EDMI | L102: EDMI | M102: EDM830-010-107BRTISH | N102: 0.58333333 | O102: 0.91666667 | P102: =(O102-N102)*24 -> 8 | Q102: 3 | R102: =Q102&L102&A102 -> 3EDMIBERRECHID | S102: =IF(P102="","",P102/VLOOKUP(R102,'Matrice Productivité '!I:J,2,FALSE)/100) -> 0.0061983471 | T102: Changement de série (Setup) | U102: Recherche composants + changement + pilote en formation | V102: SUPPLY | W102: YOUNESS
A103: BERRECHID | B103: Bât A | C103: 46030 | D103: =YEAR(C103)&"-S0"&WEEKNUM(C103) -> 2026-S02 | E103: =YEAR(C103)&"-M0"&MONTH(C103) -> 2026-M01 | F103: =YEAR(C103) -> 2026 | G103: KNIDAR | H103: MATIN | I103: CMS | J103: LIGNE2 | K103: EDMI | L103: EDMI | M103: EDM830-010-107BRTISH | N103: 0.25 | O103: 0.58333333 | P103: =(O103-N103)*24 -> 8 | Q103: 3 | R103: =Q103&L103&A103 -> 3EDMIBERRECHID | S103: =IF(P103="","",P103/VLOOKUP(R103,'Matrice Productivité '!I:J,2,FALSE)/100) -> 0.0061983471 | T103: Changement de série (Setup) | U103: Recherche composants + changement + manque composant | V103: SUPPLY | W103: MEHDI
A104: TEMARA | B104: TEM | C104: 46028 | D104: =YEAR(C104)&"-S0"&WEEKNUM(C104) -> 2026-S02 | E104: =YEAR(C104)&"-M0"&MONTH(C104) -> 2026-M01 | F104: =YEAR(C104) -> 2026 | G104: SAMIRA | H104: NORMALE | I104: CÂBALGE | J104: Câbalge | K104: LECLANCHÉ | L104: LECLANCHÉ | M104: NA | N104: 0.54166667 | O104: 0.75 | P104: =(O104-N104)*24 -> 5 | Q104: 1 | R104: =Q104&L104&A104 -> 1LECLANCHÉTEMARA | S104: =IF(P104="","",P104/VLOOKUP(R104,'Matrice Productivité '!I:J,2,FALSE)/100) -> 0.0041592591 | T104: Audit / Standard 5S | U104: Visite CAF - Rangement 5S | V104: ORGANISATION | W104: SAMIRA
A105: TEMARA | B105: TEM | C105: 46028 | D105: =YEAR(C105)&"-S0"&WEEKNUM(C105) -> 2026-S02 | E105: =YEAR(C105)&"-M0"&MONTH(C105) -> 2026-M01 | F105: =YEAR(C105) -> 2026 | G105: DAHAB | H105: NORMALE | I105: TEST | J105: Test | K105: ABB | L105: ABB | M105: NA | N105: 0.58333333 | O105: 0.75 | P105: =(O105-N105)*24 -> 4 | Q105: 1 | R105: =Q105&L105&A105 -> 1ABBTEMARA | S105: =IF(P105="","",P105/VLOOKUP(R105,'Matrice Productivité '!I:J,2,FALSE)/100) -> 0.0069701374 | T105: Réorganisation physique | U105: Déplacement d'atelier | V105: ORGANISATION | W105: SOUFIANE/ NAWFEL
A106: TEMARA | B106: TEM | C106: 46028 | D106: =YEAR(C106)&"-S0"&WEEKNUM(C106) -> 2026-S02 | E106: =YEAR(C106)&"-M0"&MONTH(C106) -> 2026-M01 | F106: =YEAR(C106) -> 2026 | G106: DAHAB | H106: NORMALE | I106: PRÉPARATION | J106: Preparation hors carte | K106: ABB | L106: ABB | M106: NA | N106: 0.58333333 | O106: 0.66666667 | P106: =(O106-N106)*24 -> 2 | Q106: 1 | R106: =Q106&L106&A106 -> 1ABBTEMARA | S106: =IF(P106="","",P106/VLOOKUP(R106,'Matrice Productivité '!I:J,2,FALSE)/100) -> 0.0034850687 | T106: Réorganisation physique | U106: Déplacement d'atelier | V106: ORGANISATION | W106: SOUFIANE/ NAWFEL
A107: TEMARA | B107: TEM | C107: 46029 | D107: =YEAR(C107)&"-S0"&WEEKNUM(C107) -> 2026-S02 | E107: =YEAR(C107)&"-M0"&MONTH(C107) -> 2026-M01 | F107: =YEAR(C107) -> 2026 | G107: DAHAB | H107: NORMALE | I107: TEST | J107: test diélectrique (T4676-01) | K107: ABB | L107: ABB | M107: NA | N107: 0.41666667 | O107: 0.75 | P107: =(O107-N107)*24 -> 8 | Q107: 1 | R107: =Q107&L107&A107 -> 1ABBTEMARA | S107: =IF(P107="","",P107/VLOOKUP(R107,'Matrice Productivité '!I:J,2,FALSE)/100) -> 0.013940275 | T107: Réorganisation physique | U107: Déplacement d'atelier | V107: ORGANISATION | W107: SOUFIANE/ NAWFEL
A108: TEMARA | B108: TEM | C108: 46029 | D108: =YEAR(C108)&"-S0"&WEEKNUM(C108) -> 2026-S02 | E108: =YEAR(C108)&"-M0"&MONTH(C108) -> 2026-M01 | F108: =YEAR(C108) -> 2026 | G108: DAHAB | H108: NORMALE | I108: BRASAGE | J108: Brasage | K108: ABB | L108: ABB | M108: NA | N108: 0.55555556 | O108: 0.75 | P108: =(O108-N108)*24 -> 4.6666667 | Q108: 1 | R108: =Q108&L108&A108 -> 1ABBTEMARA | S108: =IF(P108="","",P108/VLOOKUP(R108,'Matrice Productivité '!I:J,2,FALSE)/100) -> 0.008131827 | T108: Audit / Standard 5S | U108: Visite CAF - Rangement 5S | V108: ORGANISATION | W108: DAHAB
... A111: TEMARA | B111: TEM | C111: 46029 | D111: =YEAR(C111)&"-S0"&WEEKNUM(C111) -> 2026-S02 | E111: =YEAR(C111)&"-M0"&MONTH(C111) -> 2026-M01 | F111: =YEAR(C111) -> 2026 | G111: DAHAB | H111: NORMALE | I111: TEST | J111: Test | K111: ABB | L111: ABB | M111: NA | N111: 0.55555556 | O111: 0.75 | P111: =(O111-N111)*24 -> 4.6666667 | Q111: 1 | R111: =Q111&L111&A111 -> 1ABBTEMARA | S111: =IF(P111="","",P111/VLOOKUP(R111,'Matrice Productivité '!I:J,2,FALSE)/100) -> 0.008131827 | T111: Audit / Standard 5S | U111: Visite CAF - Rangement 5S | V111: ORGANISATION | W111: DAHAB
A112: TEMARA | B112: TEM | C112: 46030 | D112: =YEAR(C112)&"-S0"&WEEKNUM(C112) -> 2026-S02 | E112: =YEAR(C112)&"-M0"&MONTH(C112) -> 2026-M01 | F112: =YEAR(C112) -> 2026 | G112: DAHAB | H112: NORMALE | I112: TEST | J112: test diélectrique (T4676-01) | K112: ABB | L112: ABB | M112: 5012 | N112: 0.375 | O112: 0.75 | P112: =(O112-N112)*24 -> 9 | Q112: 1 | R112: =Q112&L112&A112 -> 1ABBTEMARA | S112: =IF(P112="","",P112/VLOOKUP(R112,'Matrice Productivité '!I:J,2,FALSE)/100) -> 0.015682809 | T112: Défaillance électrique banc de test | U112: Problème d'alimentation sur le banc de test déilectrique | V112: MAINTENANCE | W112: ANAS/ NAWFEL
A113: TEMARA | B113: TEM | C113: 46029 | D113: =YEAR(C113)&"-S0"&WEEKNUM(C113) -> 2026-S02 | E113: =YEAR(C113)&"-M0"&MONTH(C113) -> 2026-M01 | F113: =YEAR(C113) -> 2026 | G113: BADIA | H113: NORMALE | I113: MONTAGE INTEGRATION | J113: Montage integration | K113: RATIER- MERCK HORIBA | L113: LE RESTE | M113: NA | N113: 0.54166667 | O113: 0.75 | P113: =(O113-N113)*24 -> 5 | Q113: 1 | R113: =Q113&L113&A113 -> 1LE RESTETEMARA | S113: =IF(P113="","",P113/VLOOKUP(R113,'Matrice Productivité '!I:J,2,FALSE)/100) -> 0.010841101 | T113: Audit / Standard 5S | U113: Visite CAF - Rangement 5S | V113: ORGANISATION | W113: BADIA
A114: TEMARA | B114: TEM | C114: 46030 | D114: =YEAR(C114)&"-S0"&WEEKNUM(C114) -> 2026-S02 | E114: =YEAR(C114)&"-M0"&MONTH(C114) -> 2026-M01 | F114: =YEAR(C114) -> 2026 | G114: BADIA | H114: NORMALE | I114: MONTAGE INTEGRATION | J114: Montage integration | K114: SOLUSCOPE | L114: SOLUSCOPE | M114: NA | N114: 0.54166667 | O114: 0.75 | P114: =(O114-N114)*24 -> 5 | Q114: 1 | R114: =Q114&L114&A114 -> 1SOLUSCOPETEMARA | S114: =IF(P114="","",P114/VLOOKUP(R114,'Matrice Productivité '!I:J,2,FALSE)/100) -> 0.0009572302 | T114: Audit / Standard 5S | U114: Visite CAF - Rangement 5S | V114: ORGANISATION | W114: BADIA
A115: TEMARA | B115: TEM | C115: 46030 | D115: =YEAR(C115)&"-S0"&WEEKNUM(C115) -> 2026-S02 | E115: =YEAR(C115)&"-M0"&MONTH(C115) -> 2026-M01 | F115: =YEAR(C115) -> 2026 | G115: DAHAB | H115: NORMALE | I115: BRASAGE | J115: Brasage | K115: ABB | L115: ABB | M115: NA | N115: 0.35416667 | O115: 0.39583333 | P115: =(O115-N115)*24 -> 1 | Q115: 1 | R115: =Q115&L115&A115 -> 1ABBTEMARA | S115: =IF(P115="","",P115/VLOOKUP(R115,'Matrice Productivité '!I:J,2,FALSE)/100) -> 0.0017425344 | T115: Manque accessoires de pose | U115: Arrêt postes (manque boutons ESD et alimentation) | V115: MAINTENANCE | W115: ANAS/ NAWFEL
A116: BERRECHID | B116: Bât A | C116: 46030 | D116: =YEAR(C116)&"-S0"&WEEKNUM(C116) -> 2026-S02 | E116: =YEAR(C116)&"-M0"&MONTH(C116) -> 2026-M01 | F116: =YEAR(C116) -> 2026 | G116: ISMAIL | H116: MATIN | I116: TEST FONCTIONNEL | J116: Programmation carte EMSEJ-099B/B | K116: EMS | L116: EMS | M116: EMSEJ-099B/B | N116: 0.58333333 | O116: 0.625 | P116: =(O116-N116)*24 -> 1 | Q116: 2 | R116: =Q116&L116&A116 -> 2EMSBERRECHID | S116: =IF(P116="","",P116/VLOOKUP(R116,'Matrice Productivité '!I:J,2,FALSE)/100) -> 0.00018595041 | T116: Anomalie alim programmateur | U116: Programmer supply voltage is out of valid range | V116: TECHNIQUE | W116: ILHAM
A117: BERRECHID | B117: Bât A | C117: 46030 | D117: =YEAR(C117)&"-S0"&WEEKNUM(C117) -> 2026-S02 | E117: =YEAR(C117)&"-M0"&MONTH(C117) -> 2026-M01 | F117: =YEAR(C117) -> 2026 | G117: KNIDAR | H117: APM | I117: CMS | J117: LIGNE2 | K117: EDMI | L117: EDMI | M117: EDM830-010-107BRTISH | N117: 0.58333333 | O117: 0.66666667 | P117: =(O117-N117)*24 -> 2 | Q117: 3 | R117: =Q117&L117&A117 -> 3EDMIBERRECHID | S117: =IF(P117="","",P117/VLOOKUP(R117,'Matrice Productivité '!I:J,2,FALSE)/100) -> 0.0015495868 | T117: Rupture approvisionnement | U117: Manque du composant EDM180-00612 | V117: SUPPLY | W117: BOUDRA
A118: BERRECHID | B118: Bât A | C118: 46030 | D118: =YEAR(C118)&"-S0"&WEEKNUM(C118) -> 2026-S02 | E118: =YEAR(C118)&"-M0"&MONTH(C118) -> 2026-M01 | F118: =YEAR(C118) -> 2026 | G118: ISMAIL | H118: APM | I118: TEST TAKAYA | J118: Takaya-9400 | K118: EMS | L118: EMS | M118: DEBEJ-184A | N118: 0.88888889 | O118: 0.91666667 | P118: =(O118-N118)*24 -> 0.66666667 | Q118: 2 | R118: =Q118&L118&A118 -> 2EMSBERRECHID | S118: =IF(P118="","",P118/VLOOKUP(R118,'Matrice Productivité '!I:J,2,FALSE)/100) -> 0.00012396694 | T118: Coupure électrique | U118: Accident maintenance (chute) causant coupure électricité | V118: MAINTENANCE | W118: SOUS TRAITANCE
A119: BERRECHID | B119: Bât A | C119: 46031 | D119: =YEAR(C119)&"-S0"&WEEKNUM(C119) -> 2026-S02 | E119: =YEAR(C119)&"-M0"&MONTH(C119) -> 2026-M01 | F119: =YEAR(C119) -> 2026 | G119: ISMAIL | H119: MATIN | I119: TEST FONCTIONNEL | J119: Programmation carte EMSEJ-099B/B | K119: EMS | L119: EMS | M119: EMSEJ-099B/B | N119: 0.29166667 | O119: 0.35416667 | P119: =(O119-N119)*24 -> 1.5 | Q119: 2 | R119: =Q119&L119&A119 -> 2EMSBERRECHID | S119: =IF(P119="","",P119/VLOOKUP(R119,'Matrice Productivité '!I:J,2,FALSE)/100) -> 0.00027892562 | T119: Anomalie alim programmateur | U119: Programmer supply voltage is out of valid range | V119: TECHNIQUE | W119: ILHAM
A120: BERRECHID | B120: Bât A | C120: 46031 | D120: =YEAR(C120)&"-S0"&WEEKNUM(C120) -> 2026-S02 | E120: =YEAR(C120)&"-M0"&MONTH(C120) -> 2026-M01 | F120: =YEAR(C120) -> 2026 | G120: KNIDAR | H120: NUIT | I120: CMS | J120: LIGNE2 | K120: EDMI | L120: EDMI | M120: EDM830-010-107BRTISH | N120: 0.91666667 | O120: 0.075 | P120: =(O120-N120)*24+24 -> 3.8 | Q120: 3 | R120: =Q120&L120&A120 -> 3EDMIBERRECHID | S120: =IF(P120="","",P120/VLOOKUP(R120,'Matrice Productivité '!I:J,2,FALSE)/100) -> 0.0029442149 | T120: Manque accessoires de pose | U120: Déchargement EDMI-BRITCH + chargement 12B (mq feeders) | V120: SUPPLY | W120: AYOUB/FARAH
A121: BERRECHID | B121: Bât A | C121: 46031 | D121: =YEAR(C121)&"-S0"&WEEKNUM(C121) -> 2026-S02 | E121: =YEAR(C121)&"-M0"&MONTH(C121) -> 2026-M01 | F121: =YEAR(C121) -> 2026 | G121: KNIDAR | H121: MATIN | I121: CMS | J121: LIGNE2 | K121: EDMI | L121: EDMI | M121: EDM830-013-152 | N121: 0.25 | O121: 0.5 | P121: =(O121-N121)*24 -> 6 | Q121: 3 | R121: =Q121&L121&A121 -> 3EDMIBERRECHID | S121: =IF(P121="","",P121/VLOOKUP(R121,'Matrice Productivité '!I:J,2,FALSE)/100) -> 0.0046487603 | T121: Changement de série (Setup) | U121: Basculement ES12B (Setup complet : DEK, feeders, buses...) | V121: SUPPLY | W121: HOUSSAM
A122: BERRECHID | B122: Bât A | C122: 46031 | D122: =YEAR(C122)&"-S0"&WEEKNUM(C122) -> 2026-S02 | E122: =YEAR(C122)&"-M0"&MONTH(C122) -> 2026-M01 | F122: =YEAR(C122) -> 2026 | G122: KNIDAR | H122: APM | I122: CMS | J122: LIGNE2 | K122: EDMI | L122: EDMI | M122: EDM830-013-152 | N122: 0.58333333 | O122: 0.60763889 | P122: =(O122-N122)*24 -> 0.58333333 | Q122: 3 | R122: =Q122&L122&A122 -> 3EDMIBERRECHID | S122: =IF(P122="","",P122/VLOOKUP(R122,'Matrice Productivité '!I:J,2,FALSE)/100) -> 0.00045196281 | T122: Changement de série (Setup) | U122: Recherche + changement bobines (manque séquenceur) | V122: SUPPLY | W122: ABDERRAHMANE
A123: BERRECHID | B123: Bât A | C123: 46032 | D123: =YEAR(C123)&"-S0"&WEEKNUM(C123) -> 2026-S02 | E123: =YEAR(C123)&"-M0"&MONTH(C123) -> 2026-M01 | F123: =YEAR(C123) -> 2026 | G123: KNIDAR | H123: NIUT | I123: CMS | J123: LIGNE2 | K123: EDMI | L123: EDMI | M123: EDM830-013-152 | N123: 0.91666667 | O123: 0.95833333 | P123: =(O123-N123)*24 -> 1 | Q123: 3 | R123: =Q123&L123&A123 -> 3EDMIBERRECHID | S123: =IF(P123="","",P123/VLOOKUP(R123,'Matrice Productivité '!I:J,2,FALSE)/100) -> 0.00077479339 | T123: Changement de série (Setup) | U123: Recherche + changement bobines (manque séquenceur) | V123: SUPPLY | W123: MEHDI
A124: BERRECHID | B124: Bât A | C124: 46032 | D124: =YEAR(C124)&"-S0"&WEEKNUM(C124) -> 2026-S02 | E124: =YEAR(C124)&"-M0"&MONTH(C124) -> 2026-M01 | F124: =YEAR(C124) -> 2026 | G124: KNIDAR | H124: MATIN | I124: CMS | J124: LIGNE2 | K124: EDMI | L124: EDMI | M124: EDM830-010-107BRTISH | N124: 0.25 | O124: 0.5 | P124: =(O124-N124)*24 -> 6 | Q124: 3 | R124: =Q124&L124&A124 -> 3EDMIBERRECHID | S124: =IF(P124="","",P124/VLOOKUP(R124,'Matrice Productivité '!I:J,2,FALSE)/100) -> 0.0046487603 | T124: Changement de série (Setup) | U124: Basculement EDMI-BRTISH (Planification) | V124: SUPPLY | W124: HOUSSAM
A125: TEMARA | B125: TEM | C125: 46031 | D125: =YEAR(C125)&"-S0"&WEEKNUM(C125) -> 2026-S02 | E125: =YEAR(C125)&"-M0"&MONTH(C125) -> 2026-M01 | F125: =YEAR(C125) -> 2026 | G125: DAHAB | H125: NORMALE | I125: TEST | J125: test diélectrique (T4676-01) | K125: ABB | L125: ABB | M125: 5012 | N125: 0.35416667 | O125: 0.71541667 | P125: =(O125-N125)*24 -> 8.67 | Q125: 1 | R125: =Q125&L125&A125 -> 1ABBTEMARA | S125: =IF(P125="","",P125/VLOOKUP(R125,'Matrice Productivité '!I:J,2,FALSE)/100) -> 0.015107773 | T125: Défaillance électrique banc de test | U125: Problème d'alimentation sur le banc de test diélectrique | V125: MAINTENANCE | W125: ANAS/ NAWFEL
A126: TEMARA | B126: TEM | C126: 46031 | D126: =YEAR(C126)&"-S0"&WEEKNUM(C126) -> 2026-S02 | E126: =YEAR(C126)&"-M0"&MONTH(C126) -> 2026-M01 | F126: =YEAR(C126) -> 2026 | G126: DAHAB | H126: NORMALE | I126: TEST | J126: Test fonctionnel (T4675-01) | K126: ABB | L126: ABB | M126: 5012 | N126: 0.39583333 | O126: 0.64583333 | P126: =(O126-N126)*24 -> 6 | Q126: 1 | R126: =Q126&L126&A126 -> 1ABBTEMARA | S126: =IF(P126="","",P126/VLOOKUP(R126,'Matrice Productivité '!I:J,2,FALSE)/100) -> 0.010455206 | T126: Perte intégrité données test | U126: Corruption du fichier source (** .seq**) | V126: IT | W126: OTHMANE
A127: BERRECHID | B127: Bât B | C127: 46034 | D127: =YEAR(C127)&"-S0"&WEEKNUM(C127) -> 2026-S03 | E127: =YEAR(C127)&"-M0"&MONTH(C127) -> 2026-M01 | F127: =YEAR(C127) -> 2026 | G127: SALAH | H127: NUIT | I127: TESTEUR BFT | J127: BFT | K127: EDMI | L127: EDMI | M127: EDM830-010-107BRTISH | N127: 0.91666667 | O127: 0.9375 | P127: =(O127-N127)*24 -> 0.5 | Q127: 3 | R127: =Q127&L127&A127 -> 3EDMIBERRECHID | S127: =IF(P127="","",P127/VLOOKUP(R127,'Matrice Productivité '!I:J,2,FALSE)/100) -> 0.00038739669 | T127: Défaut paramétrage logiciel | U127: Erreur configuration | V127: TECHNIQUE | W127: SAID
A128: BERRECHID | B128: Bât A | C128: 46034 | D128: =YEAR(C128)&"-S0"&WEEKNUM(C128) -> 2026-S03 | E128: =YEAR(C128)&"-M0"&MONTH(C128) -> 2026-M01 | F128: =YEAR(C128) -> 2026 | G128: KNIDAR | H128: NUIT | I128: CMS | J128: LIGNE 2 | K128: EDMI | L128: EDMI | M128: EDM830-010-107BRTISH | N128: 0.91666667 | O128: 0.97222222 | P128: =(O128-N128)*24 -> 1.3333333 | Q128: 3 | R128: =Q128&L128&A128 -> 3EDMIBERRECHID | S128: =IF(P128="","",P128/VLOOKUP(R128,'Matrice Productivité '!I:J,2,FALSE)/100) -> 0.0010330579 | T128: Incident traçabilité système | U128: Problème COGISCAN (étiquette non configurée) 1H20 | V128: TECHNIQUE | W128: ADAM
A129: BERRECHID | B129: Bât A | C129: 46034 | D129: =YEAR(C129)&"-S0"&WEEKNUM(C129) -> 2026-S03 | E129: =YEAR(C129)&"-M0"&MONTH(C129) -> 2026-M01 | F129: =YEAR(C129) -> 2026 | G129: KNIDAR | H129: NUIT | I129: CMS | J129: LIGNE 2 | K129: EDMI | L129: EDMI | M129: EDM830-010-107BRTISH | N129: 0.96875 | O129: 0 | P129: =(O129-N129)*24+24 -> 0.75 | Q129: 3 | R129: =Q129&L129&A129 -> 3EDMIBERRECHID | S129: =IF(P129="","",P129/VLOOKUP(R129,'Matrice Productivité '!I:J,2,FALSE)/100) -> 0.00058109504 | T129: Délai technique externe | U129: Retard de réglage mire écran sérigraphié (à distance) | V129: FORMATION | W129: KNIDAR
A130: BERRECHID | B130: Bât A | C130: 46034 | D130: =YEAR(C130)&"-S0"&WEEKNUM(C130) -> 2026-S03 | E130: =YEAR(C130)&"-M0"&MONTH(C130) -> 2026-M01 | F130: =YEAR(C130) -> 2026 | G130: KNIDAR | H130: NUIT | I130: CMS | J130: LIGNE 2 | K130: EDMI | L130: EDMI | M130: EDM830-010-107BRTISH | N130: 0 | O130: 0.041666667 | P130: =(O130-N130)*24 -> 1 | Q130: 3 | R130: =Q130&L130&A130 -> 3EDMIBERRECHID | S130: =IF(P130="","",P130/VLOOKUP(R130,'Matrice Productivité '!I:J,2,FALSE)/100) -> 0.00077479339 | T130: Lancement Nouvelle Réf (Validation) | U130: Validation table + 1ère carte (Planification) | V130: SUPPLY | W130: DRISS
A131: BERRECHID | B131: Bât A | C131: 46034 | D131: =YEAR(C131)&"-S0"&WEEKNUM(C131) -> 2026-S03 | E131: =YEAR(C131)&"-M0"&MONTH(C131) -> 2026-M01 | F131: =YEAR(C131) -> 2026 | G131: ISMAIL | H131: MATIN | I131: TEST TAKAYA | J131: Takaya-9411 | L131: LE RESTE | M131: SERRL5B | N131: 0.41319444 | O131: 0.45138889 | P131: =(O131-N131)*24 -> 0.91666667 | Q131: 2 | R131: =Q131&L131&A131 -> 2LE RESTEBERRECHID | S131: =IF(P131="","",P131/VLOOKUP(R131,'Matrice Productivité '!I:J,2,FALSE)/100) -> 0.00035511364 | T131: Panne pièce d'usure banc | U131: Relay probe 3 | V131: MAINTENANCE | W131: SLIMANE
A132: TEMARA | B132: TEM | C132: 46034 | D132: =YEAR(C132)&"-S0"&WEEKNUM(C132) -> 2026-S03 | E132: =YEAR(C132)&"-M0"&MONTH(C132) -> 2026-M01 | F132: =YEAR(C132) -> 2026 | G132: DAHAB | H132: NORMALE | I132: TEST | J132: Test fonctionnel (T4675-01) | K132: ABB | L132: ABB | M132: 5012 | N132: 0.35416667 | O132: 0.72208333 | P132: =(O132-N132)*24 -> 8.83 | Q132: 1 | R132: =Q132&L132&A132 -> 1ABBTEMARA | S132: =IF(P132="","",P132/VLOOKUP(R132,'Matrice Productivité '!I:J,2,FALSE)/100) -> 0.015386578 | T132: Perte intégrité données test | U132: Corruption du fichier source (** .seq**) | V132: IT | W132: OTHMANE
A133: TEMARA | B133: TEM | C133: 46034 | D133: =YEAR(C133)&"-S0"&WEEKNUM(C133) -> 2026-S03 | E133: =YEAR(C133)&"-M0"&MONTH(C133) -> 2026-M01 | F133: =YEAR(C133) -> 2026 | G133: DAHAB | H133: NORMALE | I133: FERMETURE ULTRASON | J133: T4662-01 | K133: ABB | L133: ABB | M133: 5012 | N133: 0.5 | O133: 0.51388889 | P133: =(O133-N133)*24 -> 0.33333333 | Q133: 1 | R133: =Q133&L133&A133 -> 1ABBTEMARA | S133: =IF(P133="","",P133/VLOOKUP(R133,'Matrice Productivité '!I:J,2,FALSE)/100) -> 0.00058084479 | T133: Mauvais plaquage ABB | U133: Problème du plaquage | V133: MAINTENANCE | W133: NAOUFEL
A134: TEMARA | B134: TEM | C134: 46035 | D134: =YEAR(C134)&"-S0"&WEEKNUM(C134) -> 2026-S03 | E134: =YEAR(C134)&"-M0"&MONTH(C134) -> 2026-M01 | F134: =YEAR(C134) -> 2026 | G134: DAHAB | H134: NORMALE | I134: TEST | J134: Test fonctionnel (T4675-01) | K134: ABB | L134: ABB | M134: 5012 | N134: 0.35416667 | O134: 0.72208333 | P134: =(O134-N134)*24 -> 8.83 | Q134: 1 | R134: =Q134&L134&A134 -> 1ABBTEMARA | S134: =IF(P134="","",P134/VLOOKUP(R134,'Matrice Productivité '!I:J,2,FALSE)/100) -> 0.015386578 | T134: Perte intégrité données test | U134: Corruption du fichier source (** .seq**) | V134: IT | W134: OTHMANE
A135: TEMARA | B135: TEM | C135: 46035 | D135: =YEAR(C135)&"-S0"&WEEKNUM(C135) -> 2026-S03 | E135: =YEAR(C135)&"-M0"&MONTH(C135) -> 2026-M01 | F135: =YEAR(C135) -> 2026 | G135: DAHAB | H135: NORMALE | I135: TOMPGRAPHIE | J135: Tompgraphie | K135: ABB | L135: ABB | M135: 5001 | N135: 0.39583333 | O135: 0.72208333 | P135: =(O135-N135)*24 -> 7.83 | Q135: 1 | R135: =Q135&L135&A135 -> 1ABBTEMARA | S135: =IF(P135="","",P135/VLOOKUP(R135,'Matrice Productivité '!I:J,2,FALSE)/100) -> 0.013644044 | T135: Réparation curative | U135: Montage des piéces de rechange par la maintenance | V135: MAINTENANCE | W135: NAWFEL/SAID
A136: TEMARA | B136: TEM | C136: 46036 | D136: =YEAR(C136)&"-S0"&WEEKNUM(C136) -> 2026-S03 | E136: =YEAR(C136)&"-M0"&MONTH(C136) -> 2026-M01 | F136: =YEAR(C136) -> 2026 | G136: DAHAB | H136: NORMALE | I136: TOMPGRAPHIE | J136: Tompgraphie | K136: ABB | L136: ABB | M136: 5001 | N136: 0.35416667 | O136: 0.4375 | P136: =(O136-N136)*24 -> 2 | Q136: 1 | R136: =Q136&L136&A136 -> 1ABBTEMARA | S136: =IF(P136="","",P136/VLOOKUP(R136,'Matrice Productivité '!I:J,2,FALSE)/100) -> 0.0034850687 | T136: Incident remise en service | U136: Démarrage machine tampo après réparation (fuites) | V136: MAINTENANCE | W136: DAHAB
A137: TEMARA | B137: TEM | C137: 46036 | D137: =YEAR(C137)&"-S0"&WEEKNUM(C137) -> 2026-S03 | E137: =YEAR(C137)&"-M0"&MONTH(C137) -> 2026-M01 | F137: =YEAR(C137) -> 2026 | G137: DAHAB | H137: NORMALE | I137: TEST | J137: Test fonctionnel (T4675-01) | K137: ABB | L137: ABB | M137: 5012 | N137: 0.35416667 | O137: 0.72208333 | P137: =(O137-N137)*24 -> 8.83 | Q137: 1 | R137: =Q137&L137&A137 -> 1ABBTEMARA | S137: =IF(P137="","",P137/VLOOKUP(R137,'Matrice Productivité '!I:J,2,FALSE)/100) -> 0.015386578 | T137: Perte intégrité données test | U137: Corruption du fichier source (** .seq**) | V137: IT | W137: OTHMANE
A138: BERRECHID | B138: Bât A | C138: 46035 | D138: =YEAR(C138)&"-S0"&WEEKNUM(C138) -> 2026-S03 | E138: =YEAR(C138)&"-M0"&MONTH(C138) -> 2026-M01 | F138: =YEAR(C138) -> 2026 | G138: ISMAIL | H138: APM | I138: TEST FONCTIONNEL | J138: Test Fonctionnel Carte ENS2005345 | K138: ENSTO-NOVEXIA | L138: LE RESTE | M138: ENS2005345 | N138: 0.58333333 | O138: 0.91666667 | P138: =(O138-N138)*24 -> 8 | Q138: 2 | R138: =Q138&L138&A138 -> 2LE RESTEBERRECHID | S138: =IF(P138="","",P138/VLOOKUP(R138,'Matrice Productivité '!I:J,2,FALSE)/100) -> 0.0030991736 | T138: Instabilité équipement contrôle | U138: Détéction du Faux défaut G4*T4 (Impact OTD) | V138: MAINTENANCE | W138: SLIMANE + YOUNES
...

Sheet Matrice Productivité 
A1: Site | B1: Client | C1: Nbr d'équipe | D1: Temps Gamme Moyen par mois pour le client | E1: Temps de présence mensuel Moyen du site (Tout projet confendu, Témara seule, Berrechid seul) | F1: Poids par client | G1: 0.01 | H1: Temps d'ouverture Moyen/Mois pour 1 Shift | I1: Lien | J1: Temps d'arrêt | P1: =MOD(A2+(B2/24), 1) -> #VALUE! | Q1: =IF(O5="","",(O5-N5)*24)
A2: Temara | B2: ABB | C2: 1 | D2: 2321 | E2: =43*176 -> 7568 | F2: =D2/E2 -> 0.30668605 | G2: 0.01 | H2: 176 | I2: =C2&B2&A2 -> 1ABBTemara | J2: =H2/F2/100 -> 5.7387678
A3: Temara | B3: Leclanché | C3: 1 | D3: 1108 | E3: =43*176 -> 7568 | F3: =D3/E3 -> 0.14640592 | G3: 0.01 | H3: 176 | I3: =C3&B3&A3 -> 1LeclanchéTemara | J3: =H3/F3/100 -> 12.021372
A4: Temara | B4: Soluscope | C4: 1 | D4: 255 | E4: =43*176 -> 7568 | F4: =D4/E4 -> 0.033694503 | G4: 0.01 | H4: 176 | I4: =C4&B4&A4 -> 1SoluscopeTemara | J4: =H4/F4/100 -> 52.234039
A5: Temara | B5: Alstom | C5: 1 | D5: 489 | E5: =43*176 -> 7568 | F5: =D5/E5 -> 0.064614165 | G5: 0.01 | H5: 176 | I5: =C5&B5&A5 -> 1AlstomTemara | J5: =H5/F5/100 -> 27.238609
A6: Temara | B6: Le reste | C6: 1 | D6: 2888 | E6: =43*176 -> 7568 | F6: =D6/E6 -> 0.38160677 | G6: 0.01 | H6: 176 | I6: =C6&B6&A6 -> 1Le resteTemara | J6: =H6/F6/100 -> 4.6120776
A7: Berrechid | B7: EDMI | C7: 3 | D7: 3000 | E7: 22000 | F7: =D7/E7 -> 0.13636364 | G7: 0.01 | H7: 176 | I7: =C7&B7&A7 -> 3EDMIBerrechid | J7: =H7/F7/100 -> 12.906667 | K7: 38 | L7: =K7/J7 -> 2.9442149
A8: Berrechid | B8: EMS | C8: 2 | D8: 720 | E8: 22000 | F8: =D8/E8 -> 0.032727273 | G8: 0.01 | H8: 176 | I8: =C8&B8&A8 -> 2EMSBerrechid | J8: =H8/F8/100 -> 53.777778
A9: Berrechid | B9: SOWEE | C9: 2 | D9: 320 | E9: 22000 | F9: =D9/E9 -> 0.014545455 | G9: 0.01 | H9: 176 | I9: =C9&B9&A9 -> 2SOWEEBerrechid | J9: =H9/F9/100 -> 121
A10: Berrechid | B10: Le reste | C10: 2 | D10: 1500 | E10: 22000 | F10: =D10/E10 -> 0.068181818 | G10: 0.01 | H10: 176 | I10: =C10&B10&A10 -> 2Le resteBerrechid | J10: =H10/F10/100 -> 25.813333

Sheet Arrêt par Département (2)
A2: Semaine | B2: (Plusieurs éléments)
A4: Étiquettes de lignes | B4: Somme de Durée en :H
A5: MAINTENANCE | B5: 76.783333
A6: BERRECHID | B6: 47.95
A7: Anomalie fonctionnelle produit | B7: 17.5
A8: Contrainte environnementale | B8: 8
A9: Instabilité équipement contrôle | B9: 8
A10: Panne curative machine | B10: 5.3333333
A11: Nettoyage / Entretien préventif | B11: 1.9166667
A12: Défaillance méca répétitive | B12: 1.85
A13: Défaillance réseau pneumatique | B13: 1.0166667
A14: Arrêt énergie nocturne | B14: 1
A15: Aménagement poste travail | B15: 1
A16: Panne pièce d'usure banc | B16: 0.91666667
... A26: Total général | B26: 76.783333

Sheet Arrêt par Département (3)
A1: Semaine | B1: (Plusieurs éléments)
A3: Étiquettes de lignes | B3: Somme de Durée en :H
A4: 2026-M01 | B4: 348.34
A5: TECHNIQUE | B5: 114.67333
A6: BERRECHID | B6: 44.183333
A7: TEMARA | B7: 70.49
A8: ORGANISATION | B8: 83.833333
A9: BERRECHID | B9: 3
A10: TEMARA | B10: 80.833333
A11: MAINTENANCE | B11: 76.783333
A12: BERRECHID | B12: 47.95
A13: TEMARA | B13: 28.833333
A14: SUPPLY | B14: 66.3
A15: BERRECHID | B15: 58.3
... A23: Total général | B23: 348.34

Sheet Arrêt par Département
A3: Étiquettes de lignes | B3: Somme de Durée en :H
A4: BERRECHID | B4: 160.18333
A5: 2026-S01 | B5: 17.366667
A6: 2026-S02 | B6: 82.25
A7: 2026-S03 | B7: 28.233333
A8: 2026-S04 | B8: 32.333333
A9: TEMARA | B9: 188.15667
A10: 2026-S02 | B10: 72.336667
A11: 2026-S03 | B11: 59.153333
A12: 2026-S04 | B12: 56.666667
A13: Total général | B13: 348.34

Sheet Arrêt en H Maroc
A1: Client | B1: (Plusieurs éléments)
A2: Bâtiment | B2: (Tous)
A4: Somme de Durée en :H | B4: Étiquettes de colonnes
A5: Étiquettes de lignes | B5: TECHNIQUE | C5: SUPPLY | D5: MAINTENANCE | E5: ORGANISATION | F5: IT | G5: FORMATION | H5: PRODUCTION | I5: ACHAT | J5: Total général
A6: 2026-S04 | B6: 19.5 | C6: 10.416667 | D6: 1.9166667 | E6: 36.166667 | F6: 4.5 | I6: 1 | J6: 73.5
A7: 2026-S03 | B7: 48.973333 | C7: 6.1666667 | D7: 10.58 | G7: 0.75 | J7: 66.47
A8: 2026-S02 | B8: 27.833333 | C8: 41.716667 | D8: 35.02 | E8: 37.666667 | F8: 0.5 | J8: 142.73667
A9: 2026-S01 | B9: 17.366667 | J9: 17.366667
A10: 2025-S53 | B10: 22.453333 | C10: 10.81 | D10: 3.6666667 | J10: 36.93
A11: 2025-S52 | B11: 23.41 | C11: 30.533333 | D11: 30.566667 | G11: 2.5 | H11: 1 | J11: 88.01
A12: Total général | B12: 159.53667 | C12: 99.643333 | D12: 81.75 | E12: 73.833333 | F12: 5 | G12: 3.25 | H12: 1 | I12: 1 | J12: 425.01333

Sheet Arrêt en Productivité Maroc
A2: Somme de Impact Productivité par client | B2: Étiquettes de colonnes
A3: Étiquettes de lignes | B3: MAINTENANCE | C3: SUPPLY | D3: TECHNIQUE | E3: IT | F3: FORMATION | G3: PRODUCTION | H3: Total général
A4: 2025-S53 | D4: 0.002776343 | H4: 0.002776343
A5: 2025-S52 | B5: 0.046270038 | C5: 0.023657025 | D5: 0.015748967 | F5: 0.0019369835 | G5: 0.00077479339 | H5: 0.088387807
A6: 2025-S51 | B6: 0.0017425344 | D6: 0.015538912 | E6: 0.010309995 | H6: 0.027591441
A7: 2025-S50 | B7: 0.019842068 | H7: 0.019842068
A8: 2025-S49 | B8: 0.010455206 | C8: 0.049079257 | H8: 0.059534463
A9: Total général | B9: 0.078309847 | C9: 0.072736282 | D9: 0.034064222 | E9: 0.010309995 | F9: 0.0019369835 | G9: 0.00077479339 | H9: 0.19813212

Sheet Arrêt en Productivité par site
A2: Somme de Impact Productivité par client | B2: Étiquettes de colonnes
A3: Étiquettes de lignes | B3: MAINTENANCE | C3: SUPPLY | D3: TECHNIQUE | E3: IT | F3: FORMATION | G3: PRODUCTION | H3: Total général
A4: TEMARA | B4: 0.07394776 | C4: 0.049079257 | D4: 0.015538912 | E4: 0.010309995 | H4: 0.14887592
A5: 2025-S52 | B5: 0.041907951 | H5: 0.041907951
A6: 2025-S51 | B6: 0.0017425344 | D6: 0.015538912 | E6: 0.010309995 | H6: 0.027591441
A7: 2025-S50 | B7: 0.019842068 | H7: 0.019842068
A8: 2025-S49 | B8: 0.010455206 | C8: 0.049079257 | H8: 0.059534463
A9: BERRECHID | B9: 0.0043620868 | C9: 0.023657025 | D9: 0.01852531 | F9: 0.0019369835 | G9: 0.00077479339 | H9: 0.049256198
A10: 2025-S53 | D10: 0.002776343 | H10: 0.002776343
A11: 2025-S52 | B11: 0.0043620868 | C11: 0.023657025 | D11: 0.015748967 | F11: 0.0019369835 | G11: 0.00077479339 | H11: 0.046479855
A12: Total général | B12: 0.078309847 | C12: 0.072736282 | D12: 0.034064222 | E12: 0.010309995 | F12: 0.0019369835 | G12: 0.00077479339 | H12: 0.19813212

Sheet Liste figée
A1: Matin | B1: Berrechid | C1: Bât A | D1: Oumaima
A2: APM | B2: Témara | C2: Bât B | D2: Salah
A3: Nuit | D3: Tarik
A4: Normale | D4: Ismail
D5: Latifa
D6: Rajaa
A7: APM | D7: Hanane
A8: Matin | D8: Nabil
A9: APM | D9: Khadim
A10: Normale | D10: Knidar
A11: Matin | D11: Mounir
A12: Normale | D12: Anssim
D13: Aziza
D14: Adel
D15: Meryem
D16: Nait Aiss
D17: Toufiq
D18: Dahab
D19: Badia
D20: Anass
D21: Samira

Sheet Arret hebdo par Batiment
A1: Année | B1: 2026
A3: Somme de Durée en :H | B3: Étiquettes de colonnes
A4: Étiquettes de lignes | B4: Bât A | C4: Bât B | D4: TEM | E4: Total général
A5: BERRECHID | B5: 118.98333 | C5: 62.2 | E5: 181.18333
A6: 2026-S01 | C6: 17.366667 | E6: 17.366667
A7: 2026-S02 | B7: 43.066667 | C7: 39.183333 | E7: 82.25
A8: 2026-S03 | B8: 26.083333 | C8: 2.15 | E8: 28.233333
A9: 2026-S04 | B9: 28.833333 | C9: 3.5 | E9: 32.333333
A10: 2026-S05 | B10: 21 | E10: 21
A11: TEMARA | D11: 212.15667 | E11: 212.15667
A12: 2026-S02 | D12: 72.336667 | E12: 72.336667
A13: 2026-S03 | D13: 59.153333 | E13: 59.153333
A14: 2026-S04 | D14: 56.666667 | E14: 56.666667
A15: 2026-S05 | D15: 24 | E15: 24
A16: Total général | B16: 118.98333 | C16: 62.2 | D16: 212.15667 | E16: 393.34

Sheet Arret hebdo % maroc
A1: Année | B1: 2026
A3: Étiquettes de lignes | B3: Somme de Impact Productivité par client
A4: BERRECHID | B4: 0.11988378
A5: 2026-S01 | B5: 0.013455579
A6: 2026-S02 | B6: 0.061145403
A7: 2026-S03 | B7: 0.015127841
A8: 2026-S04 | B8: 0.01902376
A9: 2026-S05 | B9: 0.011131198
A10: TEMARA | B10: 0.34710115
A11: 2026-S02 | B11: 0.1158687
A12: 2026-S03 | B12: 0.097647906
A13: 2026-S04 | B13: 0.091763716
A14: 2026-S05 | B14: 0.041820825
A15: Total général | B15: 0.46698493

Sheet Arret hebdo maroc
A1: Année | B1: 2026
A3: Étiquettes de lignes | B3: Somme de Durée en :H
A4: BERRECHID | B4: 181.18333
A5: 2026-S01 | B5: 17.366667
A6: 2026-S02 | B6: 82.25
A7: 2026-S03 | B7: 28.233333
A8: 2026-S04 | B8: 32.333333
A9: 2026-S05 | B9: 21
A10: TEMARA | B10: 212.15667
A11: 2026-S02 | B11: 72.336667
A12: 2026-S03 | B12: 59.153333
A13: 2026-S04 | B13: 56.666667
A14: 2026-S05 | B14: 24
A15: Total général | B15: 393.34

Sheet Arret hebdo par service
A2: Année | B2: 2026
A3: Site | B3: BERRECHID
A5: Somme de Durée en :H | B5: Étiquettes de colonnes
A6: Étiquettes de lignes | B6: Bât A | C6: Bât B | D6: Total général
A7: 2026-S03 | B7: 26.083333 | C7: 2.15 | D7: 28.233333
A8: MAINTENANCE | B8: 16.833333 | D8: 16.833333
A9: SUPPLY | B9: 6.1666667 | D9: 6.1666667
A10: TECHNIQUE | B10: 2.3333333 | C10: 2.15 | D10: 4.4833333
A11: FORMATION | B11: 0.75 | D11: 0.75
A12: 2026-S04 | B12: 28.833333 | C12: 3.5 | D12: 32.333333
A13: MAINTENANCE | B13: 12.916667 | D13: 12.916667
A14: SUPPLY | B14: 10.416667 | D14: 10.416667
A15: IT | B15: 1 | C15: 3.5 | D15: 4.5
A16: ORGANISATION | B16: 3 | D16: 3
A17: ACHAT | B17: 1 | D17: 1
A18: TECHNIQUE | B18: 0.5 | D18: 0.5
A19: Total général | B19: 54.916667 | C19: 5.65 | D19: 60.566667

Sheet Feuil2
A2: Site | B2: Temara
A4: Somme de Durée en :H | B4: Semaine
A5: Client | B5: 2026-S03 | C5: 2026-S04 | D5: Total général
A6: ABB | B6: 55.653333 | C6: 52.166667 | D6: 107.82
A7: Soluscope | B7: 3.5 | D7: 3.5
A8: Total général | B8: 59.153333 | C8: 52.166667 | D8: 111.32
